code,entry,exit,entry_p,exit_p,pnl,days,win,bin,month
sh600519,2025-07-09 11:30:00,2025-07-15 11:30:00,1429.25,1416.55,-0.89,6,0,-2~0%,2025-07
sh600519,2025-07-18 11:30:00,2025-07-28 11:30:00,1432.67,1446.6,0.97,10,1,0~2%,2025-07
sh600519,2025-08-11 11:30:00,2025-08-13 11:30:00,1439.86,1421.5,-1.28,2,0,-2~0%,2025-08
sh600519,2025-08-20 15:00:00,2025-08-27 14:00:00,1447.82,1460.32,0.86,6,1,0~2%,2025-08
sh600519,2025-08-29 15:00:00,2025-09-18 14:00:00,1476.05,1485.4,0.63,19,1,0~2%,2025-09
sh600519,2025-09-29 15:00:00,2025-10-09 11:30:00,1468.01,1426.36,-2.84,9,0,-5~-2%,2025-10
sh600519,2025-10-14 11:30:00,2025-10-23 11:30:00,1444.44,1450.26,0.4,9,1,0~2%,2025-10
sh600519,2025-11-10 14:00:00,2025-11-24 15:00:00,1453.5,1454.38,0.06,14,1,0~2%,2025-11
sh600519,2025-12-12 11:30:00,2025-12-19 11:30:00,1418.5,1406.96,-0.81,7,0,-2~0%,2025-12
sh600519,2026-01-05 11:30:00,2026-01-14 15:00:00,1405.09,1398.3,-0.48,9,0,-2~0%,2026-01
sh600519,2026-01-29 11:30:00,2026-02-12 11:30:00,1367.0,1483.6,8.53,14,1,5~10%,2026-02
sh600519,2026-03-13 15:00:00,2026-03-23 11:30:00,1413.44,1417.05,0.26,9,1,0~2%,2026-03
sh600519,2026-03-31 11:30:00,2026-04-13 11:30:00,1455.86,1437.06,-1.29,13,0,-2~0%,2026-04
sh600519,2026-04-15 15:00:00,2026-04-17 11:30:00,1466.84,1413.8,-3.62,1,0,-5~-2%,2026-04
sh600519,2026-04-24 11:30:00,2026-04-27 11:30:00,1446.0,1408.42,-2.6,3,0,-5~-2%,2026-04
sh600519,2026-05-27 15:00:00,2026-06-04 15:00:00,1306.05,1270.33,-2.73,8,0,-5~-2%,2026-06
sz000858,2025-06-20 14:00:00,2025-06-30 14:00:00,119.47,118.49,-0.82,10,0,-2~0%,2025-06
sz000858,2025-07-04 15:00:00,2025-07-18 15:00:00,120.34,123.64,2.74,14,1,2~5%,2025-07
sz000858,2025-07-23 10:30:00,2025-07-28 10:30:00,125.7,123.52,-1.73,5,0,-2~0%,2025-07
sz000858,2025-08-07 14:00:00,2025-08-15 11:30:00,122.96,122.03,-0.76,7,0,-2~0%,2025-08
sz000858,2025-08-19 11:30:00,2025-08-28 10:30:00,125.32,126.61,1.03,8,1,0~2%,2025-08
sz000858,2025-08-29 11:30:00,2025-09-16 14:00:00,128.97,125.64,-2.58,18,0,-5~-2%,2025-09
sz000858,2025-09-29 15:00:00,2025-10-22 11:30:00,122.42,120.28,-1.75,22,0,-2~0%,2025-10
sz000858,2025-11-10 11:30:00,2025-11-24 14:00:00,118.26,119.19,0.79,14,1,0~2%,2025-11
sz000858,2025-12-15 11:30:00,2025-12-18 11:30:00,112.96,110.68,-2.02,3,0,-5~-2%,2025-12
sz000858,2025-12-25 15:00:00,2025-12-29 11:30:00,110.47,108.7,-1.6,3,0,-2~0%,2025-12
sz000858,2026-01-05 11:30:00,2026-01-15 11:30:00,107.16,106.39,-0.72,10,0,-2~0%,2026-01
sz000858,2026-01-29 15:00:00,2026-02-12 11:30:00,106.68,104.87,-1.7,13,0,-2~0%,2026-02
sz000858,2026-03-13 14:00:00,2026-03-20 10:30:00,103.03,102.53,-0.49,6,0,-2~0%,2026-03
sz000858,2026-03-25 15:00:00,2026-04-07 15:00:00,102.42,102.56,0.14,13,1,0~2%,2026-04
sz000858,2026-04-15 10:30:00,2026-04-20 11:30:00,102.9,101.49,-1.37,5,0,-2~0%,2026-04
sz000858,2026-04-24 11:30:00,2026-04-27 14:00:00,101.72,100.11,-1.58,3,0,-2~0%,2026-04
sz000858,2026-05-27 15:00:00,2026-06-05 10:30:00,84.66,81.5,-3.73,8,0,-5~-2%,2026-06
sz002415,2025-06-24 11:30:00,2025-07-01 14:00:00,27.56,27.42,-0.51,7,0,-2~0%,2025-07
sz002415,2025-07-11 10:30:00,2025-08-01 10:30:00,27.79,28.26,1.69,21,1,0~2%,2025-08
sz002415,2025-08-01 11:30:00,2025-08-28 15:00:00,29.2,30.76,5.34,27,1,5~10%,2025-08
sz002415,2025-09-08 14:00:00,2025-09-23 11:30:00,30.62,30.23,-1.27,14,0,-2~0%,2025-09
sz002415,2025-09-25 10:30:00,2025-10-20 11:30:00,31.0,32.51,4.87,25,1,2~5%,2025-10
sz002415,2025-12-01 11:30:00,2025-12-05 11:30:00,30.34,29.96,-1.25,4,0,-2~0%,2025-12
sz002415,2025-12-24 15:00:00,2026-01-30 11:30:00,29.38,31.33,6.64,36,1,5~10%,2026-01
sz002415,2026-02-05 11:30:00,2026-02-25 15:00:00,32.38,32.11,-0.83,20,0,-2~0%,2026-02
sz002415,2026-03-10 14:00:00,2026-03-20 10:30:00,31.18,31.27,0.29,9,1,0~2%,2026-03
sz002415,2026-04-08 14:00:00,2026-05-12 11:30:00,30.8,34.77,12.89,33,1,>10%,2026-05
sh600036,2025-06-03 14:00:00,2025-06-27 14:00:00,44.26,46.66,5.42,24,1,5~10%,2025-06
sh600036,2025-07-07 15:00:00,2025-07-11 11:30:00,47.2,46.11,-2.31,3,0,-5~-2%,2025-07
sh600036,2025-07-23 11:30:00,2025-07-30 10:30:00,45.14,44.17,-2.15,6,0,-5~-2%,2025-07
sh600036,2025-08-05 15:00:00,2025-08-11 10:30:00,45.29,44.53,-1.68,5,0,-2~0%,2025-08
sh600036,2025-08-26 10:30:00,2025-08-27 15:00:00,43.89,43.1,-1.8,1,0,-2~0%,2025-08
sh600036,2025-09-02 15:00:00,2025-09-15 15:00:00,43.42,42.17,-2.88,13,0,-5~-2%,2025-09
sh600036,2025-10-14 14:00:00,2025-10-29 11:30:00,41.45,41.21,-0.58,14,0,-2~0%,2025-10
sh600036,2025-11-03 15:00:00,2025-11-17 11:30:00,41.73,42.58,2.04,13,1,2~5%,2025-11
sh600036,2025-11-20 14:00:00,2025-12-10 11:30:00,43.67,41.92,-4.01,19,0,-5~-2%,2025-12
sh600036,2025-12-19 10:30:00,2026-01-08 14:00:00,42.37,41.59,-1.84,20,0,-2~0%,2026-01
sh600036,2026-01-27 11:30:00,2026-02-12 14:00:00,38.45,38.78,0.86,16,1,0~2%,2026-02
sh600036,2026-03-03 14:00:00,2026-03-04 11:30:00,39.31,38.5,-2.06,0,0,-5~-2%,2026-03
sh600036,2026-03-12 10:30:00,2026-03-23 11:30:00,39.45,39.04,-1.04,11,0,-2~0%,2026-03
sh600036,2026-03-26 11:30:00,2026-04-07 15:00:00,39.54,39.0,-1.37,12,0,-2~0%,2026-04
sh600036,2026-04-15 11:30:00,2026-04-27 10:30:00,39.72,39.52,-0.5,11,0,-2~0%,2026-04
sh600036,2026-05-29 11:30:00,2026-06-09 15:00:00,37.52,38.49,2.59,11,1,2~5%,2026-06
sz000333,2025-06-24 11:30:00,2025-07-08 11:30:00,73.26,72.19,-1.46,14,0,-2~0%,2025-07
sz000333,2025-07-11 11:30:00,2025-07-28 11:30:00,72.63,72.56,-0.1,17,0,-2~0%,2025-07
sz000333,2025-07-30 14:00:00,2025-07-31 11:30:00,72.57,70.63,-2.67,0,0,-5~-2%,2025-07
sz000333,2025-08-12 11:30:00,2025-09-15 15:00:00,72.22,74.93,3.75,34,1,2~5%,2025-09
sz000333,2025-10-23 11:30:00,2025-11-19 10:30:00,74.04,77.38,4.51,26,1,2~5%,2025-11
sz000333,2025-11-21 15:00:00,2025-12-09 15:00:00,79.25,80.42,1.48,18,1,0~2%,2025-12
sz000333,2026-01-21 10:30:00,2026-01-23 11:30:00,78.96,77.03,-2.44,2,0,-5~-2%,2026-01
sz000333,2026-01-30 11:30:00,2026-02-09 14:00:00,78.4,78.55,0.19,10,1,0~2%,2026-02
sz000333,2026-03-11 11:30:00,2026-03-20 11:30:00,77.32,75.69,-2.11,9,0,-5~-2%,2026-03
sz000333,2026-03-31 11:30:00,2026-05-22 15:00:00,76.75,80.26,4.57,52,1,2~5%,2026-05
sz000333,2026-06-01 11:30:00,2026-06-09 15:00:00,81.38,82.36,1.2,8,1,0~2%,2026-06
sh600310,2025-06-26 10:30:00,2025-07-15 11:30:00,4.07,4.2,3.19,19,1,2~5%,2025-07
sh600310,2025-07-22 10:30:00,2025-07-28 14:00:00,4.24,4.15,-2.12,6,0,-5~-2%,2025-07
sh600310,2025-08-07 14:00:00,2025-08-15 10:30:00,4.16,4.06,-2.4,7,0,-5~-2%,2025-08
sh600310,2025-09-09 10:30:00,2025-09-19 11:30:00,4.04,3.97,-1.73,10,0,-2~0%,2025-09
sh600310,2025-10-13 10:30:00,2025-10-13 14:00:00,3.9,3.88,-0.51,0,0,-2~0%,2025-10
sh600310,2025-10-21 14:00:00,2025-10-24 15:00:00,3.99,3.97,-0.5,3,0,-2~0%,2025-10
sh600310,2025-11-05 14:00:00,2025-11-18 11:30:00,4.03,4.04,0.25,12,1,0~2%,2025-11
sh600310,2025-12-19 14:00:00,2025-12-30 15:00:00,3.79,3.83,1.06,11,1,0~2%,2025-12
sh600310,2026-01-13 15:00:00,2026-01-27 11:30:00,3.91,3.87,-1.02,13,0,-2~0%,2026-01
sh600310,2026-02-05 10:30:00,2026-02-13 15:00:00,3.97,3.88,-2.27,8,0,-5~-2%,2026-02
sh600310,2026-02-24 11:30:00,2026-03-16 11:30:00,3.95,4.24,7.34,20,1,5~10%,2026-03
sh600310,2026-03-20 11:30:00,2026-04-01 11:30:00,4.69,5.71,21.75,12,1,>10%,2026-04
sh600310,2026-04-13 15:00:00,2026-05-15 10:30:00,4.58,5.12,11.79,31,1,>10%,2026-05
sh600310,2026-05-19 11:30:00,2026-05-20 14:00:00,5.62,5.19,-7.65,1,0,-10~-5%,2026-05
sh600310,2026-05-25 14:00:00,2026-06-05 11:30:00,5.61,5.72,1.96,10,1,0~2%,2026-06
sh600130,2025-07-01 10:30:00,2025-07-09 14:00:00,3.43,3.3,-3.79,8,0,-5~-2%,2025-07
sh600130,2025-07-16 11:30:00,2025-07-25 14:00:00,3.39,3.33,-1.77,9,0,-2~0%,2025-07
sh600130,2025-08-05 11:30:00,2025-08-15 10:30:00,3.38,3.35,-0.89,9,0,-2~0%,2025-08
sh600130,2025-08-18 11:30:00,2025-09-15 14:00:00,3.49,3.89,11.46,28,1,>10%,2025-09
sh600130,2025-09-26 14:00:00,2025-10-13 11:30:00,3.8,3.78,-0.53,16,0,-2~0%,2025-10
sh600130,2025-10-21 11:30:00,2025-10-29 15:00:00,3.98,3.87,-2.76,8,0,-5~-2%,2025-10
sh600130,2025-11-11 11:30:00,2025-11-21 11:30:00,4.22,4.12,-2.37,10,0,-5~-2%,2025-11
sh600130,2025-12-08 15:00:00,2025-12-15 10:30:00,4.11,3.93,-4.38,6,0,-5~-2%,2025-12
sh600130,2025-12-22 11:30:00,2026-01-28 11:30:00,4.02,4.21,4.73,37,1,2~5%,2026-01
sh600130,2026-02-24 11:30:00,2026-03-18 10:30:00,4.39,4.49,2.28,21,1,2~5%,2026-03
sh600130,2026-03-25 11:30:00,2026-04-03 11:30:00,4.33,4.2,-3.0,9,0,-5~-2%,2026-04
sh600130,2026-04-09 10:30:00,2026-04-23 14:00:00,4.32,4.52,4.63,14,1,2~5%,2026-04
sh600130,2026-04-24 14:00:00,2026-04-30 10:30:00,4.77,4.65,-2.52,5,0,-5~-2%,2026-04
sh600130,2026-05-06 11:30:00,2026-05-15 10:30:00,5.08,5.85,15.16,8,1,>10%,2026-05
sz001896,2025-06-26 11:30:00,2025-07-18 14:00:00,4.52,6.25,38.27,22,1,>10%,2025-07
sz001896,2025-08-08 11:30:00,2025-08-14 11:30:00,5.7,5.51,-3.33,6,0,-5~-2%,2025-08
sz001896,2025-08-19 14:00:00,2025-08-28 14:00:00,5.61,5.59,-0.36,9,0,-2~0%,2025-08
sz001896,2025-09-08 11:30:00,2025-09-16 11:30:00,5.58,5.32,-4.66,8,0,-5~-2%,2025-09
sz001896,2025-09-30 11:30:00,2025-10-20 10:30:00,5.3,5.82,9.81,19,1,5~10%,2025-10
sz001896,2025-10-21 11:30:00,2025-10-29 11:30:00,6.05,6.06,0.17,8,1,0~2%,2025-10
sz001896,2025-11-18 10:30:00,2025-11-19 11:30:00,6.11,5.81,-4.91,1,0,-5~-2%,2025-11
sz001896,2026-01-08 11:30:00,2026-01-30 11:30:00,5.45,6.11,12.11,22,1,>10%,2026-01
sz001896,2026-02-06 11:30:00,2026-03-16 10:30:00,6.46,15.0,132.2,37,1,,2026-03
sz001896,2026-03-23 11:30:00,2026-03-26 11:30:00,16.4,15.05,-8.23,3,0,-10~-5%,2026-03
sz001896,2026-04-13 11:30:00,2026-04-28 10:30:00,14.07,16.09,14.36,14,1,>10%,2026-04
sz001896,2026-05-12 11:30:00,2026-05-15 11:30:00,17.23,15.21,-11.72,3,0,<-10%,2026-05
sz001896,2026-05-25 14:00:00,2026-05-27 15:00:00,17.02,15.39,-9.58,2,0,-10~-5%,2026-05
sz001896,2026-06-01 15:00:00,2026-06-08 10:30:00,17.43,19.87,14.0,6,1,>10%,2026-06
sh603178,2025-06-24 14:00:00,2025-07-15 11:30:00,18.14,18.16,0.11,20,1,0~2%,2025-07
sh603178,2025-08-06 11:30:00,2025-08-15 10:30:00,18.63,18.26,-1.99,8,0,-2~0%,2025-08
sh603178,2025-08-18 10:30:00,2025-08-28 14:00:00,19.7,19.09,-3.1,10,0,-5~-2%,2025-08
sh603178,2025-09-04 15:00:00,2025-09-19 11:30:00,20.54,20.16,-1.85,14,0,-2~0%,2025-09
sh603178,2025-09-23 11:30:00,2025-10-09 10:30:00,21.76,20.33,-6.57,15,0,-10~-5%,2025-10
sh603178,2025-10-16 11:30:00,2025-10-23 11:30:00,21.45,19.92,-7.13,7,0,-10~-5%,2025-10
sh603178,2025-10-24 11:30:00,2025-10-28 11:30:00,22.88,21.41,-6.42,4,0,-10~-5%,2025-10
sh603178,2025-12-15 11:30:00,2025-12-24 10:30:00,18.37,18.29,-0.44,8,0,-2~0%,2025-12
sh603178,2025-12-24 14:00:00,2026-01-14 15:00:00,18.54,18.57,0.16,21,1,0~2%,2026-01
sh603178,2026-02-04 14:00:00,2026-02-13 10:30:00,17.82,17.38,-2.47,8,0,-5~-2%,2026-02
sh603178,2026-02-26 10:30:00,2026-03-02 11:30:00,17.7,17.35,-1.98,4,0,-2~0%,2026-03
sh603178,2026-03-11 10:30:00,2026-03-18 11:30:00,16.78,16.16,-3.69,7,0,-5~-2%,2026-03
sh603178,2026-04-08 15:00:00,2026-04-23 11:30:00,15.44,19.85,28.56,14,1,>10%,2026-04
sh603178,2026-04-28 15:00:00,2026-05-20 11:30:00,18.6,21.86,17.53,21,1,>10%,2026-05
sz000899,2025-06-25 14:00:00,2025-07-23 15:00:00,8.6,9.37,8.95,28,1,5~10%,2025-07
sz000899,2025-08-05 11:30:00,2025-08-14 14:00:00,9.46,9.29,-1.8,9,0,-2~0%,2025-08
sz000899,2025-08-19 10:30:00,2025-08-28 10:30:00,9.49,9.63,1.48,9,1,0~2%,2025-08
sz000899,2025-09-02 11:30:00,2025-09-16 11:30:00,9.82,9.86,0.41,14,1,0~2%,2025-09
sz000899,2025-10-09 11:30:00,2025-11-12 11:30:00,9.69,10.49,8.26,34,1,5~10%,2025-11
sz000899,2025-11-27 11:30:00,2025-12-09 10:30:00,10.02,9.93,-0.9,11,0,-2~0%,2025-12
sz000899,2025-12-23 11:30:00,2025-12-30 11:30:00,10.05,10.05,0.0,7,0,-2~0%,2025-12
sz000899,2026-01-07 14:00:00,2026-01-27 11:30:00,10.19,10.56,3.63,19,1,2~5%,2026-01
sz000899,2026-02-12 11:30:00,2026-02-13 11:30:00,11.0,10.6,-3.64,1,0,-5~-2%,2026-02
sz000899,2026-02-25 11:30:00,2026-03-03 15:00:00,12.07,13.88,15.0,6,1,>10%,2026-03
sz000899,2026-03-11 14:00:00,2026-03-13 11:30:00,16.15,14.21,-12.01,1,0,<-10%,2026-03
sz000899,2026-03-25 11:30:00,2026-03-30 11:30:00,14.31,13.36,-6.64,5,0,-10~-5%,2026-03
sz000899,2026-04-15 11:30:00,2026-04-28 11:30:00,13.22,12.52,-5.3,13,0,-10~-5%,2026-04
sz000899,2026-05-07 11:30:00,2026-05-15 10:30:00,13.37,13.3,-0.52,7,0,-2~0%,2026-05
sz000899,2026-05-19 15:00:00,2026-05-21 15:00:00,14.3,13.28,-7.13,2,0,-10~-5%,2026-05
sz000899,2026-05-28 11:30:00,2026-06-08 11:30:00,13.9,13.22,-4.89,11,0,-5~-2%,2026-06
sh600330,2025-06-05 11:30:00,2025-06-19 14:00:00,6.81,6.85,0.59,14,1,0~2%,2025-06
sh600330,2025-06-24 11:30:00,2025-08-01 14:00:00,7.07,7.91,11.88,38,1,>10%,2025-08
sh600330,2025-08-11 14:00:00,2025-08-21 15:00:00,8.06,8.78,8.93,10,1,5~10%,2025-08
sh600330,2025-08-29 10:30:00,2025-09-09 15:00:00,9.49,10.89,14.75,11,1,>10%,2025-09
sh600330,2025-09-17 14:00:00,2025-09-23 11:30:00,11.58,11.64,0.52,5,1,0~2%,2025-09
sh600330,2025-10-22 11:30:00,2025-10-28 11:30:00,10.76,10.26,-4.65,6,0,-5~-2%,2025-10
sh600330,2025-11-25 11:30:00,2025-12-15 14:00:00,9.6,11.75,22.4,20,1,>10%,2025-12
sh600330,2025-12-19 14:00:00,2025-12-30 11:30:00,11.8,12.64,7.12,10,1,5~10%,2025-12
sh600330,2026-01-07 15:00:00,2026-01-14 15:00:00,13.47,12.77,-5.2,7,0,-10~-5%,2026-01
sh600330,2026-01-22 11:30:00,2026-01-28 15:00:00,12.95,12.56,-3.01,6,0,-5~-2%,2026-01
sh600330,2026-01-30 15:00:00,2026-02-05 11:30:00,13.56,15.52,14.45,5,1,>10%,2026-02
sh600330,2026-02-10 11:30:00,2026-02-24 10:30:00,17.53,17.38,-0.86,13,0,-2~0%,2026-02
sh600330,2026-03-03 14:00:00,2026-03-09 11:30:00,18.5,15.0,-18.92,5,0,<-10%,2026-03
sh600330,2026-03-10 14:00:00,2026-03-17 11:30:00,17.22,17.03,-1.1,6,0,-2~0%,2026-03
sh600330,2026-03-27 14:00:00,2026-05-15 11:30:00,16.88,29.99,77.67,48,1,>10%,2026-05
sh600330,2026-05-25 11:30:00,2026-06-01 11:30:00,30.73,30.23,-1.63,7,0,-2~0%,2026-06
sh601318,2025-06-20 14:00:00,2025-06-30 11:30:00,54.62,55.47,1.56,9,1,0~2%,2025-06
sh601318,2025-07-04 15:00:00,2025-07-16 11:30:00,56.7,56.5,-0.35,11,0,-2~0%,2025-07
sh601318,2025-07-23 14:00:00,2025-07-31 15:00:00,58.16,59.06,1.55,8,1,0~2%,2025-07
sh601318,2025-08-14 11:30:00,2025-08-20 10:30:00,60.32,58.09,-3.7,5,0,-5~-2%,2025-08
sh601318,2025-08-25 10:30:00,2025-08-28 10:30:00,60.6,58.75,-3.05,3,0,-5~-2%,2025-08
sh601318,2025-08-29 11:30:00,2025-09-04 10:30:00,60.32,57.77,-4.23,5,0,-5~-2%,2025-09
sh601318,2025-09-29 15:00:00,2025-11-21 11:30:00,57.25,59.31,3.6,52,1,2~5%,2025-11
sh601318,2025-12-05 15:00:00,2025-12-31 11:30:00,61.87,68.51,10.73,25,1,>10%,2025-12
sh601318,2026-01-05 11:30:00,2026-01-08 15:00:00,72.38,70.54,-2.54,3,0,-5~-2%,2026-01
sh601318,2026-01-29 15:00:00,2026-02-13 11:30:00,67.41,65.87,-2.28,14,0,-5~-2%,2026-02
sh601318,2026-03-17 11:30:00,2026-03-20 15:00:00,62.58,60.03,-4.07,3,0,-5~-2%,2026-03
sh601318,2026-04-01 11:30:00,2026-04-13 14:00:00,57.96,57.76,-0.35,12,0,-2~0%,2026-04
sh601318,2026-04-15 11:30:00,2026-04-23 14:00:00,59.1,57.56,-2.61,8,0,-5~-2%,2026-04
sh601318,2026-04-29 15:00:00,2026-05-13 11:30:00,59.18,58.65,-0.9,13,0,-2~0%,2026-05
sh601318,2026-06-02 11:30:00,2026-06-09 15:00:00,54.07,53.93,-0.26,7,0,-2~0%,2026-06
sh600900,2025-06-10 14:00:00,2025-06-27 14:00:00,30.23,30.47,0.79,17,1,0~2%,2025-06
sh600900,2025-07-11 14:00:00,2025-07-18 11:30:00,30.5,29.59,-2.98,6,0,-5~-2%,2025-07
sh600900,2025-08-21 11:30:00,2025-08-28 10:30:00,27.91,27.95,0.14,6,1,0~2%,2025-08
sh600900,2025-09-02 15:00:00,2025-09-16 14:00:00,28.21,27.71,-1.77,13,0,-2~0%,2025-09
sh600900,2025-10-09 15:00:00,2025-11-13 11:30:00,27.58,28.3,2.61,34,1,2~5%,2025-11
sh600900,2025-12-03 11:30:00,2025-12-08 11:30:00,28.33,28.0,-1.16,5,0,-2~0%,2025-12
sh600900,2025-12-15 11:30:00,2025-12-22 11:30:00,28.06,27.6,-1.64,7,0,-2~0%,2025-12
sh600900,2026-01-07 10:30:00,2026-01-14 15:00:00,27.44,27.07,-1.35,7,0,-2~0%,2026-01
sh600900,2026-01-30 10:30:00,2026-02-12 11:30:00,26.04,26.11,0.27,13,1,0~2%,2026-02
sh600900,2026-03-02 11:30:00,2026-03-23 14:00:00,26.45,26.99,2.04,21,1,2~5%,2026-03
sh600900,2026-04-15 11:30:00,2026-04-29 14:00:00,26.63,26.61,-0.08,14,0,-2~0%,2026-04
sh600900,2026-04-30 11:30:00,2026-05-22 10:30:00,27.23,26.73,-1.84,21,0,-2~0%,2026-05
sh600900,2026-05-26 11:30:00,2026-06-09 15:00:00,27.05,27.63,2.14,14,1,2~5%,2026-06
sz300750,2025-06-11 11:30:00,2025-06-19 14:00:00,250.42,242.76,-3.06,8,0,-5~-2%,2025-06
sz300750,2025-06-24 11:30:00,2025-07-30 15:00:00,247.55,277.68,12.17,36,1,>10%,2025-07
sz300750,2025-08-13 14:00:00,2025-08-20 11:30:00,270.9,273.63,1.01,6,1,0~2%,2025-08
sz300750,2025-08-22 14:00:00,2025-08-28 10:30:00,284.92,276.06,-3.11,5,0,-5~-2%,2025-08
sz300750,2025-08-29 11:30:00,2025-10-10 11:30:00,301.21,391.94,30.12,42,1,>10%,2025-10
sz300750,2025-10-24 11:30:00,2025-11-03 11:30:00,381.05,379.28,-0.46,10,0,-2~0%,2025-11
sz300750,2025-11-06 11:30:00,2025-11-17 11:30:00,397.0,388.49,-2.14,11,0,-5~-2%,2025-11
sz300750,2025-12-02 10:30:00,2025-12-10 11:30:00,383.5,380.29,-0.84,8,0,-2~0%,2025-12
sz300750,2025-12-11 11:30:00,2025-12-18 11:30:00,395.42,371.89,-5.95,7,0,-10~-5%,2025-12
sz300750,2026-01-06 10:30:00,2026-01-12 11:30:00,380.0,354.55,-6.7,6,0,-10~-5%,2026-01
sz300750,2026-02-04 14:00:00,2026-02-24 10:30:00,353.38,372.64,5.45,19,1,5~10%,2026-02
sz300750,2026-03-06 14:00:00,2026-03-24 11:30:00,353.38,395.1,11.81,17,1,>10%,2026-03
sz300750,2026-03-30 10:30:00,2026-04-03 11:30:00,413.0,388.18,-6.01,4,0,-10~-5%,2026-04
sz300750,2026-04-10 11:30:00,2026-04-28 11:30:00,405.35,427.38,5.43,18,1,5~10%,2026-04
sz300750,2026-04-30 10:30:00,2026-05-08 15:00:00,446.5,438.85,-1.71,8,0,-2~0%,2026-05
sz300750,2026-05-27 11:30:00,2026-06-04 11:30:00,421.6,413.45,-1.93,8,0,-2~0%,2026-06
sz000651,2025-06-24 11:30:00,2025-06-30 14:00:00,44.93,44.9,-0.07,6,0,-2~0%,2025-06
sz000651,2025-07-02 11:30:00,2025-07-25 11:30:00,46.47,46.78,0.67,23,1,0~2%,2025-07
sz000651,2025-08-05 14:00:00,2025-08-19 11:30:00,46.6,47.01,0.88,13,1,0~2%,2025-08
sz000651,2025-08-25 15:00:00,2025-08-28 15:00:00,47.95,47.03,-1.92,3,0,-2~0%,2025-08
sz000651,2025-10-10 10:30:00,2025-10-31 11:30:00,40.18,39.92,-0.65,21,0,-2~0%,2025-10
sz000651,2025-11-10 11:30:00,2025-11-17 11:30:00,40.57,40.22,-0.86,7,0,-2~0%,2025-11
sz000651,2025-12-01 15:00:00,2025-12-09 15:00:00,40.8,40.38,-1.03,8,0,-2~0%,2025-12
sz000651,2025-12-12 15:00:00,2025-12-30 11:30:00,40.89,40.55,-0.83,17,0,-2~0%,2025-12
sz000651,2026-01-06 10:30:00,2026-01-12 11:30:00,40.77,40.3,-1.15,6,0,-2~0%,2026-01
sz000651,2026-01-19 11:30:00,2026-01-23 11:30:00,40.51,39.52,-2.44,4,0,-5~-2%,2026-01
sz000651,2026-01-30 10:30:00,2026-02-12 11:30:00,38.85,38.42,-1.11,13,0,-2~0%,2026-02
sz000651,2026-03-09 10:30:00,2026-03-20 15:00:00,37.2,38.24,2.8,11,1,2~5%,2026-03
sz000651,2026-03-25 11:30:00,2026-04-07 11:30:00,37.95,37.21,-1.95,13,0,-2~0%,2026-04
sz000651,2026-04-08 15:00:00,2026-04-13 11:30:00,37.85,37.12,-1.93,4,0,-2~0%,2026-04
sz000651,2026-04-27 11:30:00,2026-05-19 14:00:00,37.49,39.55,5.49,22,1,5~10%,2026-05
sz000651,2026-05-29 11:30:00,2026-06-05 15:00:00,39.12,38.65,-1.2,7,0,-2~0%,2026-06
sh600887,2025-07-09 11:30:00,2025-07-15 14:00:00,27.93,27.3,-2.26,6,0,-5~-2%,2025-07
sh600887,2025-07-17 11:30:00,2025-07-25 14:00:00,27.81,27.97,0.58,8,1,0~2%,2025-07
sh600887,2025-08-19 11:30:00,2025-08-28 10:30:00,27.51,27.79,1.02,8,1,0~2%,2025-08
sh600887,2025-08-29 11:30:00,2025-09-03 15:00:00,29.01,27.81,-4.14,5,0,-5~-2%,2025-09
sh600887,2025-09-12 10:30:00,2025-09-16 11:30:00,28.74,27.94,-2.78,4,0,-5~-2%,2025-09
sh600887,2025-10-09 15:00:00,2025-10-22 15:00:00,27.56,27.3,-0.94,13,0,-2~0%,2025-10
sh600887,2025-10-30 11:30:00,2025-11-25 10:30:00,27.52,28.92,5.09,25,1,5~10%,2025-11
sh600887,2025-12-15 11:30:00,2026-01-06 14:00:00,28.93,28.52,-1.42,22,0,-2~0%,2026-01
sh600887,2026-01-30 10:30:00,2026-02-24 10:30:00,26.7,26.61,-0.34,25,0,-2~0%,2026-02
sh600887,2026-03-06 15:00:00,2026-03-23 10:30:00,26.2,26.2,0.0,16,0,-2~0%,2026-03
sh600887,2026-03-27 15:00:00,2026-04-13 11:30:00,26.21,25.86,-1.34,16,0,-2~0%,2026-04
sh600887,2026-04-29 11:30:00,2026-05-18 11:30:00,26.05,27.25,4.61,19,1,2~5%,2026-05
sh600887,2026-05-29 14:00:00,2026-06-05 11:30:00,26.96,25.9,-3.93,6,0,-5~-2%,2026-06
sh601166,2025-06-03 11:30:00,2025-06-16 10:30:00,23.64,23.6,-0.17,12,0,-2~0%,2025-06
sh601166,2025-06-24 10:30:00,2025-06-27 15:00:00,23.66,23.5,-0.68,3,0,-2~0%,2025-06
sh601166,2025-07-02 15:00:00,2025-07-14 10:30:00,23.94,24.58,2.67,11,1,2~5%,2025-07
sh601166,2025-08-12 14:00:00,2025-08-15 11:30:00,23.2,22.26,-4.05,2,0,-5~-2%,2025-08
sh601166,2025-08-25 11:30:00,2025-08-29 14:00:00,22.86,22.45,-1.79,4,0,-2~0%,2025-08
sh601166,2025-10-14 14:00:00,2025-10-29 14:00:00,20.2,20.09,-0.54,15,0,-2~0%,2025-10
sh601166,2025-11-03 11:30:00,2025-11-24 15:00:00,20.62,21.15,2.57,21,1,2~5%,2025-11
sh601166,2025-12-15 11:30:00,2025-12-17 11:30:00,20.73,20.29,-2.12,2,0,-5~-2%,2025-12
sh601166,2025-12-18 15:00:00,2026-01-05 14:00:00,20.81,20.96,0.72,17,1,0~2%,2026-01
sh601166,2026-01-07 10:30:00,2026-01-08 11:30:00,21.47,20.93,-2.52,1,0,-5~-2%,2026-01
sh601166,2026-02-02 11:30:00,2026-02-06 11:30:00,19.12,18.83,-1.52,4,0,-2~0%,2026-02
sh601166,2026-03-11 14:00:00,2026-03-23 11:30:00,18.65,18.46,-1.02,11,0,-2~0%,2026-03
sh601166,2026-03-24 11:30:00,2026-04-07 11:30:00,18.62,18.63,0.05,14,1,0~2%,2026-04
sh601166,2026-04-15 11:30:00,2026-04-17 14:00:00,18.71,18.44,-1.44,2,0,-2~0%,2026-04
sh601166,2026-05-25 11:30:00,2026-06-09 15:00:00,17.69,18.45,4.3,15,1,2~5%,2026-06
sh600585,2025-06-24 15:00:00,2025-06-27 11:30:00,21.94,21.43,-2.32,2,0,-5~-2%,2025-06
sh600585,2025-07-02 15:00:00,2025-07-16 11:30:00,21.98,22.15,0.77,13,1,0~2%,2025-07
sh600585,2025-07-21 11:30:00,2025-07-25 14:00:00,23.65,24.53,3.72,4,1,2~5%,2025-07
sh600585,2025-08-07 14:00:00,2025-08-19 11:30:00,23.92,23.98,0.25,11,1,0~2%,2025-08
sh600585,2025-08-25 11:30:00,2025-08-28 14:00:00,24.67,24.48,-0.77,3,0,-2~0%,2025-08
sh600585,2025-09-08 14:00:00,2025-09-15 10:30:00,24.19,23.76,-1.78,6,0,-2~0%,2025-09
sh600585,2025-10-09 15:00:00,2025-10-22 15:00:00,23.51,23.64,0.55,13,1,0~2%,2025-10
sh600585,2025-11-07 15:00:00,2025-11-17 11:30:00,23.38,23.4,0.09,9,1,0~2%,2025-11
sh600585,2025-11-20 14:00:00,2025-11-24 14:00:00,23.51,22.91,-2.55,4,0,-5~-2%,2025-11
sh600585,2025-12-25 14:00:00,2025-12-30 11:30:00,22.41,21.99,-1.87,4,0,-2~0%,2025-12
sh600585,2026-01-05 11:30:00,2026-01-16 14:00:00,22.2,22.19,-0.05,11,0,-2~0%,2026-01
sh600585,2026-01-20 11:30:00,2026-02-02 14:00:00,23.17,23.73,2.42,13,1,2~5%,2026-02
sh600585,2026-02-04 11:30:00,2026-02-27 14:00:00,25.06,25.28,0.88,23,1,0~2%,2026-02
sh600585,2026-03-13 11:30:00,2026-03-18 14:00:00,25.68,24.51,-4.56,5,0,-5~-2%,2026-03
sh600585,2026-05-11 11:30:00,2026-05-15 11:30:00,21.47,20.59,-4.1,4,0,-5~-2%,2026-05
sh600585,2026-05-29 11:30:00,2026-06-03 14:00:00,19.91,19.64,-1.36,5,0,-2~0%,2026-06
sz000002,2025-06-16 14:00:00,2025-06-19 11:30:00,6.61,6.34,-4.08,2,0,-5~-2%,2025-06
sz000002,2025-06-25 15:00:00,2025-07-15 11:30:00,6.4,6.51,1.72,19,1,0~2%,2025-07
sz000002,2025-07-22 15:00:00,2025-07-31 11:30:00,6.68,6.48,-2.99,8,0,-5~-2%,2025-07
sz000002,2025-08-11 14:00:00,2025-08-27 15:00:00,6.52,6.82,4.6,16,1,2~5%,2025-08
sz000002,2025-09-08 11:30:00,2025-09-19 10:30:00,6.75,6.75,0.0,10,0,-2~0%,2025-09
sz000002,2025-09-22 14:00:00,2025-10-13 11:30:00,7.03,6.62,-5.83,20,0,-10~-5%,2025-10
sz000002,2025-11-11 11:30:00,2025-11-18 14:00:00,6.27,6.16,-1.75,7,0,-2~0%,2025-11
sz000002,2025-11-20 14:00:00,2025-11-25 10:30:00,6.26,6.05,-3.35,4,0,-5~-2%,2025-11
sz000002,2025-12-10 15:00:00,2025-12-15 11:30:00,5.25,4.91,-6.48,4,0,-10~-5%,2025-12
sz000002,2026-01-05 14:00:00,2026-01-15 10:30:00,4.74,4.71,-0.63,9,0,-2~0%,2026-01
sz000002,2026-01-21 11:30:00,2026-01-27 11:30:00,4.93,4.73,-4.06,6,0,-5~-2%,2026-01
sz000002,2026-01-29 11:30:00,2026-02-02 11:30:00,5.09,4.75,-6.68,4,0,-10~-5%,2026-02
sz000002,2026-02-05 10:30:00,2026-02-27 10:30:00,4.86,4.83,-0.62,22,0,-2~0%,2026-02
sz000002,2026-03-17 11:30:00,2026-03-19 11:30:00,4.73,4.55,-3.81,2,0,-5~-2%,2026-03
sz000002,2026-04-08 14:00:00,2026-04-22 11:30:00,3.93,3.86,-1.78,13,0,-2~0%,2026-04
sz000002,2026-04-29 11:30:00,2026-05-14 11:30:00,3.86,3.91,1.3,15,1,0~2%,2026-05
sz000002,2026-05-29 11:30:00,2026-06-02 14:00:00,3.64,3.39,-6.87,4,0,-10~-5%,2026-06
sh600276,2025-06-26 10:30:00,2025-07-28 10:30:00,52.6,60.1,14.26,32,1,>10%,2025-07
sh600276,2025-07-28 11:30:00,2025-08-08 11:30:00,60.2,60.66,0.76,11,1,0~2%,2025-08
sh600276,2025-08-13 14:00:00,2025-08-20 14:00:00,62.82,61.53,-2.05,7,0,-5~-2%,2025-08
sh600276,2025-08-25 10:30:00,2025-08-28 10:30:00,64.98,62.95,-3.12,3,0,-5~-2%,2025-08
sh600276,2025-08-29 11:30:00,2025-09-11 11:30:00,64.95,66.76,2.79,13,1,2~5%,2025-09
sh600276,2025-09-17 14:00:00,2025-09-23 14:00:00,70.49,68.72,-2.51,6,0,-5~-2%,2025-09
sh600276,2025-09-25 11:30:00,2025-09-26 11:30:00,72.36,69.37,-4.13,1,0,-5~-2%,2025-09
sh600276,2025-10-16 11:30:00,2025-10-28 11:30:00,67.63,63.98,-5.4,12,0,-10~-5%,2025-10
sh600276,2025-11-12 11:30:00,2025-11-19 14:00:00,62.44,61.18,-2.02,7,0,-5~-2%,2025-11
sh600276,2025-11-26 11:30:00,2025-12-16 10:30:00,62.68,61.38,-2.07,19,0,-5~-2%,2025-12
sh600276,2025-12-23 11:30:00,2025-12-30 14:00:00,61.99,60.11,-3.03,7,0,-5~-2%,2025-12
sh600276,2026-01-05 11:30:00,2026-01-15 11:30:00,62.88,62.81,-0.11,10,0,-2~0%,2026-01
sh600276,2026-02-10 14:00:00,2026-02-26 11:30:00,58.57,57.14,-2.44,15,0,-5~-2%,2026-02
sh600276,2026-03-06 11:30:00,2026-03-23 11:30:00,55.21,53.68,-2.77,17,0,-5~-2%,2026-03
sh600276,2026-03-27 11:30:00,2026-04-13 15:00:00,54.46,55.37,1.67,17,1,0~2%,2026-04
sh600276,2026-04-15 11:30:00,2026-04-22 11:30:00,57.6,55.05,-4.43,7,0,-5~-2%,2026-04
sh600276,2026-04-23 11:30:00,2026-04-29 10:30:00,56.91,54.83,-3.65,5,0,-5~-2%,2026-04
sh600276,2026-05-12 15:00:00,2026-05-18 14:00:00,56.06,52.39,-6.55,5,0,-10~-5%,2026-05
sz000568,2025-06-19 11:30:00,2025-07-28 10:30:00,111.73,124.6,11.52,38,1,>10%,2025-07
sz000568,2025-07-30 14:00:00,2025-08-01 10:30:00,127.39,122.7,-3.68,1,0,-5~-2%,2025-08
sz000568,2025-08-05 11:30:00,2025-08-08 11:30:00,126.16,122.69,-2.75,3,0,-5~-2%,2025-08
sz000568,2025-08-12 11:30:00,2025-08-28 10:30:00,129.63,132.8,2.45,15,1,2~5%,2025-08
sz000568,2025-09-08 14:00:00,2025-09-18 11:30:00,139.79,134.92,-3.48,9,0,-5~-2%,2025-09
sz000568,2025-09-29 15:00:00,2025-10-13 11:30:00,133.52,127.42,-4.57,13,0,-5~-2%,2025-10
sz000568,2025-10-14 11:30:00,2025-10-24 14:00:00,131.28,131.38,0.08,10,1,0~2%,2025-10
sz000568,2025-10-31 11:30:00,2025-11-19 14:00:00,135.01,137.07,1.53,19,1,0~2%,2025-11
sz000568,2026-01-06 15:00:00,2026-01-15 11:30:00,118.46,115.42,-2.57,8,0,-5~-2%,2026-01
sz000568,2026-01-20 14:00:00,2026-01-22 10:30:00,116.17,113.33,-2.44,1,0,-5~-2%,2026-01
sz000568,2026-01-29 11:30:00,2026-02-10 11:30:00,118.63,117.86,-0.65,12,0,-2~0%,2026-02
sz000568,2026-03-13 14:00:00,2026-03-23 11:30:00,106.19,103.4,-2.63,9,0,-5~-2%,2026-03
sz000568,2026-03-30 14:00:00,2026-04-09 15:00:00,105.59,102.77,-2.67,10,0,-5~-2%,2026-04
sz000568,2026-04-23 11:30:00,2026-04-28 14:00:00,101.86,100.23,-1.6,5,0,-2~0%,2026-04
sh600809,2025-06-06 11:30:00,2025-06-09 14:00:00,183.54,178.11,-2.96,3,0,-5~-2%,2025-06
sh600809,2025-06-18 11:30:00,2025-06-25 14:00:00,177.74,176.76,-0.55,7,0,-2~0%,2025-06
sh600809,2025-07-09 11:30:00,2025-07-15 14:00:00,182.9,174.18,-4.77,6,0,-5~-2%,2025-07
sh600809,2025-07-18 11:30:00,2025-07-28 14:00:00,180.44,181.85,0.78,10,1,0~2%,2025-07
sh600809,2025-08-05 14:00:00,2025-08-28 11:30:00,181.14,198.57,9.62,22,1,5~10%,2025-08
sh600809,2025-09-08 14:00:00,2025-09-19 10:30:00,203.68,199.8,-1.9,10,0,-2~0%,2025-09
sh600809,2025-10-15 14:00:00,2025-10-21 11:30:00,193.31,190.94,-1.23,5,0,-2~0%,2025-10
sh600809,2025-10-28 11:30:00,2025-11-19 14:00:00,190.42,194.83,2.32,22,1,2~5%,2025-11
sh600809,2026-01-05 11:30:00,2026-01-15 11:30:00,174.92,172.99,-1.1,10,0,-2~0%,2026-01
sh600809,2026-01-29 15:00:00,2026-02-10 11:30:00,173.6,170.07,-2.03,11,0,-5~-2%,2026-02
sh600809,2026-03-03 15:00:00,2026-03-04 14:00:00,161.65,156.18,-3.38,0,0,-5~-2%,2026-03
sh600809,2026-03-13 14:00:00,2026-03-19 11:30:00,159.47,156.47,-1.88,5,0,-2~0%,2026-03
sh600809,2026-04-15 10:30:00,2026-04-22 10:30:00,138.28,136.0,-1.65,7,0,-2~0%,2026-04
sh600809,2026-04-23 11:30:00,2026-04-28 11:30:00,143.48,137.43,-4.22,5,0,-5~-2%,2026-04
sh600809,2026-04-29 11:30:00,2026-05-12 11:30:00,142.56,137.64,-3.45,13,0,-5~-2%,2026-05
sz002594,2025-06-11 11:30:00,2025-06-13 11:30:00,358.94,344.01,-4.16,2,0,-5~-2%,2025-06
sz002594,2025-06-24 11:30:00,2025-06-26 15:00:00,345.0,337.82,-2.08,2,0,-5~-2%,2025-06
sz002594,2025-07-17 11:30:00,2025-07-29 11:30:00,327.58,111.31,-66.02,12,0,<-10%,2025-07
sz002594,2025-08-13 11:30:00,2025-08-28 11:30:00,106.39,108.89,2.35,15,1,2~5%,2025-08
sz002594,2025-08-29 11:30:00,2025-09-03 14:00:00,113.33,108.47,-4.29,5,0,-5~-2%,2025-09
sz002594,2025-09-15 11:30:00,2025-09-22 11:30:00,109.66,107.8,-1.7,7,0,-2~0%,2025-09
sz002594,2025-09-25 15:00:00,2025-10-13 11:30:00,108.16,105.65,-2.32,17,0,-5~-2%,2025-10
sz002594,2025-11-10 11:30:00,2025-11-18 11:30:00,98.98,97.04,-1.96,8,0,-2~0%,2025-11
sz002594,2025-11-26 11:30:00,2025-12-03 15:00:00,95.01,95.05,0.04,7,1,0~2%,2025-12
sz002594,2025-12-12 14:00:00,2025-12-16 11:30:00,97.32,94.71,-2.68,3,0,-5~-2%,2025-12
sz002594,2025-12-26 11:30:00,2026-01-07 15:00:00,99.98,97.25,-2.73,12,0,-5~-2%,2026-01
sz002594,2026-01-29 10:30:00,2026-02-02 11:30:00,92.66,88.26,-4.75,4,0,-5~-2%,2026-02
sz002594,2026-02-05 11:30:00,2026-02-13 11:30:00,90.69,90.51,-0.2,8,0,-2~0%,2026-02
sz002594,2026-02-25 11:30:00,2026-02-27 11:30:00,91.91,89.23,-2.92,2,0,-5~-2%,2026-02
sz002594,2026-03-02 11:30:00,2026-03-26 15:00:00,92.51,102.82,11.14,24,1,>10%,2026-03
sz002594,2026-04-09 10:30:00,2026-04-21 11:30:00,100.21,101.8,1.59,12,1,0~2%,2026-04
sz002594,2026-04-27 11:30:00,2026-05-06 11:30:00,103.2,100.36,-2.75,9,0,-5~-2%,2026-05
sz002594,2026-05-25 11:30:00,2026-06-01 14:00:00,96.22,94.1,-2.2,7,0,-5~-2%,2026-06
sz000725,2025-06-04 14:00:00,2025-07-07 14:00:00,3.88,3.95,1.8,33,1,0~2%,2025-07
sz000725,2025-07-10 14:00:00,2025-07-16 11:30:00,4.04,3.95,-2.23,5,0,-5~-2%,2025-07
sz000725,2025-07-18 10:30:00,2025-08-14 11:30:00,4.04,3.97,-1.73,27,0,-2~0%,2025-08
sz000725,2025-08-21 10:30:00,2025-09-03 11:30:00,4.01,4.07,1.5,13,1,0~2%,2025-09
sz000725,2025-09-15 11:30:00,2025-09-23 14:00:00,4.19,4.08,-2.63,8,0,-5~-2%,2025-09
sz000725,2025-10-09 11:30:00,2025-10-13 11:30:00,4.3,4.08,-5.12,4,0,-10~-5%,2025-10
sz000725,2025-10-30 11:30:00,2025-11-03 11:30:00,4.11,4.04,-1.7,4,0,-2~0%,2025-11
sz000725,2025-11-11 10:30:00,2025-11-17 11:30:00,4.07,3.98,-2.21,6,0,-5~-2%,2025-11
sz000725,2025-12-03 14:00:00,2025-12-22 11:30:00,4.05,4.08,0.74,18,1,0~2%,2025-12
sz000725,2025-12-29 14:00:00,2026-01-20 11:30:00,4.17,4.43,6.24,21,1,5~10%,2026-01
sz000725,2026-01-27 14:00:00,2026-01-30 11:30:00,4.55,4.29,-5.71,2,0,-10~-5%,2026-01
sz000725,2026-02-24 15:00:00,2026-03-04 10:30:00,4.28,4.29,0.23,7,1,0~2%,2026-03
sz000725,2026-04-01 14:00:00,2026-05-06 10:30:00,4.03,4.11,1.99,34,1,0~2%,2026-05
sz000725,2026-05-06 15:00:00,2026-05-15 15:00:00,4.21,4.13,-1.9,9,0,-2~0%,2026-05
sz000725,2026-05-19 15:00:00,2026-05-29 11:30:00,4.29,5.16,20.28,9,1,>10%,2026-05
sz000725,2026-06-03 11:30:00,2026-06-09 15:00:00,5.87,6.52,11.07,6,1,>10%,2026-06
sh600030,2025-06-04 11:30:00,2025-06-19 11:30:00,25.84,26.11,1.04,15,1,0~2%,2025-06
sh600030,2025-06-24 11:30:00,2025-07-16 15:00:00,26.87,28.01,4.24,22,1,2~5%,2025-07
sh600030,2025-07-21 11:30:00,2025-08-01 15:00:00,28.85,28.71,-0.49,11,0,-2~0%,2025-08
sh600030,2025-08-13 14:00:00,2025-09-03 11:30:00,29.99,30.51,1.73,20,1,0~2%,2025-09
sh600030,2025-09-11 14:00:00,2025-09-17 10:30:00,30.28,29.29,-3.27,5,0,-5~-2%,2025-09
sh600030,2025-09-29 11:30:00,2025-10-13 11:30:00,29.23,29.0,-0.79,14,0,-2~0%,2025-10
sh600030,2025-10-27 11:30:00,2025-11-03 10:30:00,30.14,29.35,-2.62,6,0,-5~-2%,2025-11
sh600030,2025-12-05 15:00:00,2026-01-08 11:30:00,28.02,28.73,2.53,33,1,2~5%,2026-01
sh600030,2026-01-26 11:30:00,2026-02-24 10:30:00,28.34,27.76,-2.05,28,0,-5~-2%,2026-02
sh600030,2026-03-17 11:30:00,2026-03-20 11:30:00,26.4,25.47,-3.52,3,0,-5~-2%,2026-03
sh600030,2026-04-08 11:30:00,2026-04-24 11:30:00,24.42,26.06,6.72,16,1,5~10%,2026-04
sh600030,2026-04-27 15:00:00,2026-05-15 10:30:00,26.8,26.76,-0.15,17,0,-2~0%,2026-05
sh600030,2026-05-21 11:30:00,2026-05-27 14:00:00,26.98,25.61,-5.08,6,0,-10~-5%,2026-05
sz002142,2025-06-03 14:00:00,2025-06-30 11:30:00,27.26,27.43,0.62,26,1,0~2%,2025-06
sz002142,2025-07-02 11:30:00,2025-07-15 10:30:00,28.26,28.13,-0.46,12,0,-2~0%,2025-07
sz002142,2025-07-23 10:30:00,2025-08-01 10:30:00,27.26,27.97,2.6,9,1,2~5%,2025-08
sz002142,2025-08-06 15:00:00,2025-08-12 10:30:00,28.89,28.31,-2.01,5,0,-5~-2%,2025-08
sz002142,2025-08-25 11:30:00,2025-09-15 10:30:00,28.49,27.97,-1.83,20,0,-2~0%,2025-09
sz002142,2025-09-29 15:00:00,2025-11-17 11:30:00,26.9,29.18,8.48,48,1,5~10%,2025-11
sz002142,2025-12-15 14:00:00,2025-12-26 15:00:00,28.37,27.94,-1.52,11,0,-2~0%,2025-12
sz002142,2026-01-06 14:00:00,2026-01-09 14:00:00,28.61,28.15,-1.61,3,0,-2~0%,2026-01
sz002142,2026-01-13 11:30:00,2026-01-19 15:00:00,29.44,28.32,-3.8,6,0,-5~-2%,2026-01
sz002142,2026-01-22 14:00:00,2026-02-12 15:00:00,29.68,31.33,5.56,21,1,5~10%,2026-02
sz002142,2026-03-02 11:30:00,2026-03-11 11:30:00,32.03,30.97,-3.31,9,0,-5~-2%,2026-03
sz002142,2026-03-26 14:00:00,2026-05-07 14:00:00,30.58,32.37,5.85,42,1,5~10%,2026-05
sz002142,2026-05-29 14:00:00,2026-06-04 15:00:00,31.46,30.41,-3.34,6,0,-5~-2%,2026-06
sz002142,2026-06-09 11:30:00,2026-06-09 15:00:00,32.17,32.29,0.37,0,1,0~2%,2026-06
sh601398,2025-07-01 11:30:00,2025-07-14 11:30:00,7.72,7.91,2.46,13,1,2~5%,2025-07
sh601398,2025-07-31 15:00:00,2025-08-15 11:30:00,7.58,7.49,-1.19,14,0,-2~0%,2025-08
sh601398,2025-09-03 10:30:00,2025-09-18 15:00:00,7.57,7.33,-3.17,15,0,-5~-2%,2025-09
sh601398,2025-09-23 11:30:00,2025-10-09 11:30:00,7.37,7.22,-2.04,16,0,-5~-2%,2025-10
sh601398,2025-10-14 15:00:00,2025-10-31 11:30:00,7.47,7.72,3.35,16,1,2~5%,2025-10
sh601398,2025-11-04 11:30:00,2025-11-13 14:00:00,8.09,8.09,0.0,9,0,-2~0%,2025-11
sh601398,2025-11-20 14:00:00,2025-12-01 11:30:00,8.35,8.06,-3.47,10,0,-5~-2%,2025-12
sh601398,2026-01-05 10:30:00,2026-01-07 11:30:00,7.91,7.75,-2.02,2,0,-5~-2%,2026-01
sh601398,2026-01-13 11:30:00,2026-01-16 11:30:00,7.84,7.62,-2.81,3,0,-5~-2%,2026-01
sh601398,2026-03-03 11:30:00,2026-03-23 14:00:00,7.08,7.28,2.82,20,1,2~5%,2026-03
sh601398,2026-03-30 11:30:00,2026-04-07 11:30:00,7.49,7.4,-1.2,8,0,-2~0%,2026-04
sh601398,2026-04-15 10:30:00,2026-04-29 15:00:00,7.45,7.46,0.13,14,1,0~2%,2026-04
sh601398,2026-05-12 14:00:00,2026-05-13 11:30:00,7.51,7.24,-3.6,0,0,-5~-2%,2026-05
sh601398,2026-05-29 15:00:00,2026-06-09 15:00:00,7.19,7.54,4.87,11,1,2~5%,2026-06
sh601288,2025-07-04 14:00:00,2025-07-17 11:30:00,6.05,6.15,1.65,12,1,0~2%,2025-07
sh601288,2025-07-23 14:00:00,2025-08-28 11:30:00,6.3,6.97,10.63,35,1,>10%,2025-08
sh601288,2025-09-04 15:00:00,2025-09-16 11:30:00,7.36,7.1,-3.53,11,0,-5~-2%,2025-09
sh601288,2025-09-23 14:00:00,2025-10-31 11:30:00,6.71,7.91,17.88,37,1,>10%,2025-10
sh601288,2025-11-11 11:30:00,2025-11-18 11:30:00,8.28,8.15,-1.57,7,0,-2~0%,2025-11
sh601288,2025-12-09 14:00:00,2025-12-11 10:30:00,8.0,7.84,-2.0,1,0,-5~-2%,2025-12
sh601288,2025-12-23 11:30:00,2026-01-07 14:00:00,7.65,7.47,-2.35,15,0,-5~-2%,2026-01
sh601288,2026-01-13 11:30:00,2026-01-15 11:30:00,7.67,7.41,-3.39,2,0,-5~-2%,2026-01
sh601288,2026-01-27 11:30:00,2026-01-29 11:30:00,7.05,6.72,-4.68,2,0,-5~-2%,2026-01
sh601288,2026-02-10 11:30:00,2026-02-12 15:00:00,6.81,6.63,-2.64,2,0,-5~-2%,2026-02
sh601288,2026-03-02 14:00:00,2026-03-23 11:30:00,6.51,6.57,0.92,20,1,0~2%,2026-03
sh601288,2026-03-31 11:30:00,2026-04-08 11:30:00,6.66,6.59,-1.05,8,0,-2~0%,2026-04
sh601288,2026-04-14 15:00:00,2026-04-27 11:30:00,6.75,6.95,2.96,12,1,2~5%,2026-04
sh601288,2026-06-01 11:30:00,2026-06-09 15:00:00,6.38,6.6,3.45,8,1,2~5%,2026-06
sz000063,2025-06-04 11:30:00,2025-06-13 11:30:00,31.7,31.59,-0.35,9,0,-2~0%,2025-06
sz000063,2025-06-24 11:30:00,2025-08-04 14:00:00,31.75,33.63,5.92,41,1,5~10%,2025-08
sz000063,2025-08-13 11:30:00,2025-09-03 14:00:00,35.06,43.96,25.39,21,1,>10%,2025-09
sz000063,2025-09-11 14:00:00,2025-10-15 14:00:00,44.16,48.92,10.78,34,1,>10%,2025-10
sz000063,2025-11-25 11:30:00,2025-12-03 15:00:00,39.9,43.67,9.45,8,1,5~10%,2025-12
sz000063,2025-12-22 14:00:00,2026-01-15 11:30:00,37.64,39.53,5.02,23,1,5~10%,2026-01
sz000063,2026-01-23 14:00:00,2026-01-30 11:30:00,39.81,38.44,-3.44,6,0,-5~-2%,2026-01
sz000063,2026-02-10 15:00:00,2026-03-03 15:00:00,37.54,37.15,-1.04,21,0,-2~0%,2026-03
sz000063,2026-03-11 11:30:00,2026-03-16 11:30:00,37.47,35.73,-4.64,5,0,-5~-2%,2026-03
sz000063,2026-04-08 11:30:00,2026-05-15 10:30:00,33.49,37.64,12.39,36,1,>10%,2026-05
sz000063,2026-05-28 15:00:00,2026-06-02 10:30:00,38.3,35.12,-8.3,4,0,-10~-5%,2026-06
sz000063,2026-06-03 11:30:00,2026-06-09 15:00:00,37.74,39.14,3.71,6,1,2~5%,2026-06
sh600703,2025-06-24 11:30:00,2025-07-07 11:30:00,12.14,12.13,-0.08,13,0,-2~0%,2025-07
sh600703,2025-07-08 11:30:00,2025-08-01 10:30:00,12.38,12.46,0.65,23,1,0~2%,2025-08
sh600703,2025-08-07 14:00:00,2025-09-02 14:00:00,12.86,14.48,12.6,26,1,>10%,2025-09
sh600703,2025-09-05 15:00:00,2025-09-23 11:30:00,14.58,14.68,0.69,17,1,0~2%,2025-09
sh600703,2025-09-24 14:00:00,2025-10-13 10:30:00,15.5,14.75,-4.84,18,0,-5~-2%,2025-10
sh600703,2025-10-24 11:30:00,2025-10-29 14:00:00,14.39,14.22,-1.18,5,0,-2~0%,2025-10
sh600703,2025-12-01 10:30:00,2025-12-15 11:30:00,13.21,13.43,1.67,14,1,0~2%,2025-12
sh600703,2025-12-22 11:30:00,2026-01-13 11:30:00,13.41,14.61,8.95,22,1,5~10%,2026-01
sh600703,2026-01-16 14:00:00,2026-02-06 11:30:00,15.31,15.31,0.0,20,0,-2~0%,2026-02
sh600703,2026-02-26 11:30:00,2026-03-03 11:30:00,16.36,15.21,-7.03,5,0,-10~-5%,2026-03
sh600703,2026-03-05 11:30:00,2026-03-17 11:30:00,16.13,17.03,5.58,12,1,5~10%,2026-03
sh600703,2026-04-07 11:30:00,2026-04-28 11:30:00,12.07,14.24,17.98,21,1,>10%,2026-04
sh600703,2026-05-06 11:30:00,2026-05-15 15:00:00,14.49,16.03,10.63,9,1,>10%,2026-05
sh600703,2026-05-27 11:30:00,2026-06-01 15:00:00,17.12,15.35,-10.34,5,0,<-10%,2026-06
sh600703,2026-06-04 11:30:00,2026-06-09 15:00:00,17.06,17.3,1.41,5,1,0~2%,2026-06
sz002049,2025-06-06 10:30:00,2025-06-10 11:30:00,65.01,63.55,-2.25,4,0,-5~-2%,2025-06
sz002049,2025-06-18 15:00:00,2025-09-02 14:00:00,62.96,77.82,23.6,75,1,>10%,2025-09
sz002049,2025-09-10 14:00:00,2025-10-10 14:00:00,76.46,87.25,14.11,30,1,>10%,2025-10
sz002049,2025-10-27 10:30:00,2025-10-31 14:00:00,83.68,82.62,-1.27,4,0,-2~0%,2025-10
sz002049,2025-11-25 11:30:00,2025-12-15 14:00:00,75.57,75.57,0.0,20,0,-2~0%,2025-12
sz002049,2025-12-18 14:00:00,2026-01-20 14:00:00,76.54,82.77,8.14,33,1,5~10%,2026-01
sz002049,2026-01-23 14:00:00,2026-01-27 11:30:00,87.94,83.74,-4.78,3,0,-5~-2%,2026-01
sz002049,2026-01-29 10:30:00,2026-01-30 11:30:00,87.28,82.56,-5.41,1,0,-10~-5%,2026-01
sz002049,2026-02-25 14:00:00,2026-03-03 11:30:00,79.16,77.5,-2.1,5,0,-5~-2%,2026-03
sz002049,2026-03-10 11:30:00,2026-03-16 11:30:00,75.2,72.92,-3.03,6,0,-5~-2%,2026-03
sz002049,2026-04-08 11:30:00,2026-04-21 11:30:00,67.75,70.03,3.37,13,1,2~5%,2026-04
sz002049,2026-04-27 11:30:00,2026-05-08 14:00:00,72.74,76.24,4.81,11,1,2~5%,2026-05
sz002049,2026-05-11 11:30:00,2026-05-15 15:00:00,81.15,77.12,-4.97,4,0,-5~-2%,2026-05
sz002049,2026-05-21 11:30:00,2026-06-01 10:30:00,82.88,79.0,-4.68,10,0,-5~-2%,2026-06
sz300059,2025-05-29 14:00:00,2025-06-19 14:00:00,20.9,21.03,0.62,21,1,0~2%,2025-06
sz300059,2025-06-24 11:30:00,2025-07-21 14:00:00,21.78,23.14,6.24,27,1,5~10%,2025-07
sz300059,2025-07-23 14:00:00,2025-09-04 10:30:00,24.12,26.55,10.07,42,1,>10%,2025-09
sz300059,2025-09-11 14:00:00,2025-09-19 10:30:00,27.44,26.77,-2.44,7,0,-5~-2%,2025-09
sz300059,2025-09-29 15:00:00,2025-10-13 10:30:00,28.05,25.17,-10.27,13,0,<-10%,2025-10
sz300059,2025-10-24 15:00:00,2025-11-03 11:30:00,25.7,25.22,-1.87,9,0,-2~0%,2025-11
sz300059,2025-12-05 15:00:00,2025-12-16 11:30:00,23.63,22.79,-3.55,10,0,-5~-2%,2025-12
sz300059,2025-12-25 11:30:00,2026-01-15 11:30:00,23.29,24.04,3.22,21,1,2~5%,2026-01
sz300059,2026-02-25 11:30:00,2026-03-02 11:30:00,22.77,22.0,-3.38,5,0,-5~-2%,2026-03
sz300059,2026-03-17 11:30:00,2026-03-20 11:30:00,21.95,20.47,-6.74,3,0,-10~-5%,2026-03
sz300059,2026-04-08 11:30:00,2026-04-24 11:30:00,19.12,19.59,2.46,16,1,2~5%,2026-04
sz300059,2026-04-28 14:00:00,2026-05-14 15:00:00,20.3,20.47,0.84,16,1,0~2%,2026-05
sz300059,2026-05-21 11:30:00,2026-05-22 11:30:00,20.89,19.47,-6.8,1,0,-10~-5%,2026-05
sh600570,2025-05-29 14:00:00,2025-06-10 15:00:00,26.13,26.28,0.57,12,1,0~2%,2025-06
sh600570,2025-06-13 11:30:00,2025-06-20 11:30:00,28.01,27.84,-0.61,7,0,-2~0%,2025-06
sh600570,2025-06-23 15:00:00,2025-07-22 11:30:00,29.7,32.53,9.53,28,1,5~10%,2025-07
sh600570,2025-07-25 10:30:00,2025-08-01 15:00:00,33.88,35.23,3.98,7,1,2~5%,2025-08
sh600570,2025-08-13 10:30:00,2025-09-02 14:00:00,35.85,36.26,1.14,20,1,0~2%,2025-09
sh600570,2025-09-25 11:30:00,2025-10-13 11:30:00,34.78,33.42,-3.91,18,0,-5~-2%,2025-10
sh600570,2025-10-27 11:30:00,2025-10-31 11:30:00,32.37,31.44,-2.87,4,0,-5~-2%,2025-10
sh600570,2025-11-18 14:00:00,2025-11-21 11:30:00,29.93,28.32,-5.38,2,0,-10~-5%,2025-11
sh600570,2025-11-25 11:30:00,2025-12-03 11:30:00,30.02,28.41,-5.36,8,0,-10~-5%,2025-12
sh600570,2025-12-05 15:00:00,2025-12-17 11:30:00,29.29,28.72,-1.95,11,0,-2~0%,2025-12
sh600570,2025-12-25 11:30:00,2026-01-20 15:00:00,29.78,32.18,8.06,26,1,5~10%,2026-01
sh600570,2026-02-10 14:00:00,2026-02-24 11:30:00,31.0,30.04,-3.1,13,0,-5~-2%,2026-02
sh600570,2026-03-17 11:30:00,2026-03-20 11:30:00,28.06,26.45,-5.74,3,0,-10~-5%,2026-03
sh600570,2026-04-02 10:30:00,2026-04-24 11:30:00,25.71,25.94,0.89,22,1,0~2%,2026-04
sh600570,2026-04-30 11:30:00,2026-05-13 11:30:00,26.89,27.11,0.82,13,1,0~2%,2026-05
sz002230,2025-05-29 11:30:00,2025-06-10 15:00:00,46.34,47.85,3.26,12,1,2~5%,2025-06
sz002230,2025-06-25 15:00:00,2025-07-04 11:30:00,47.1,46.69,-0.87,8,0,-2~0%,2025-07
sz002230,2025-07-16 10:30:00,2025-08-01 14:00:00,47.36,48.13,1.63,16,1,0~2%,2025-08
sz002230,2025-08-14 11:30:00,2025-09-03 15:00:00,49.49,51.32,3.7,20,1,2~5%,2025-09
sz002230,2025-09-08 11:30:00,2025-09-23 14:00:00,53.05,51.02,-3.83,15,0,-5~-2%,2025-09
sz002230,2025-09-24 11:30:00,2025-10-13 14:00:00,53.85,55.01,2.15,19,1,2~5%,2025-10
sz002230,2025-10-24 15:00:00,2025-11-05 11:30:00,52.53,52.31,-0.42,11,0,-2~0%,2025-11
sz002230,2025-11-18 14:00:00,2025-11-21 11:30:00,51.67,49.0,-5.17,2,0,-10~-5%,2025-11
sz002230,2025-11-24 15:00:00,2025-12-03 15:00:00,50.6,48.68,-3.79,9,0,-5~-2%,2025-12
sz002230,2025-12-12 11:30:00,2025-12-17 10:30:00,49.27,48.74,-1.08,4,0,-2~0%,2025-12
sz002230,2025-12-31 11:30:00,2026-01-27 11:30:00,50.42,57.56,14.16,27,1,>10%,2026-01
sz002230,2026-01-29 11:30:00,2026-01-30 11:30:00,63.05,59.41,-5.77,1,0,-10~-5%,2026-01
sz002230,2026-02-10 14:00:00,2026-02-26 10:30:00,57.19,56.13,-1.85,15,0,-2~0%,2026-02
sz002230,2026-03-10 15:00:00,2026-03-13 14:00:00,53.69,52.12,-2.92,2,0,-5~-2%,2026-03
sz002230,2026-04-08 11:30:00,2026-04-24 11:30:00,47.41,47.96,1.16,16,1,0~2%,2026-04
sz002230,2026-05-06 11:30:00,2026-05-13 11:30:00,50.04,48.59,-2.9,7,0,-5~-2%,2026-05
sz002230,2026-05-26 11:30:00,2026-06-04 11:30:00,49.28,46.16,-6.33,9,0,-10~-5%,2026-06
sz300015,2025-05-29 15:00:00,2025-06-12 10:30:00,12.64,12.39,-1.98,13,0,-2~0%,2025-06
sz300015,2025-06-24 11:30:00,2025-07-07 10:30:00,12.13,12.14,0.08,12,1,0~2%,2025-07
sz300015,2025-07-09 11:30:00,2025-07-15 11:30:00,12.4,12.25,-1.21,6,0,-2~0%,2025-07
sz300015,2025-07-18 10:30:00,2025-08-01 15:00:00,12.48,12.8,2.56,14,1,2~5%,2025-08
sz300015,2025-08-13 14:00:00,2025-08-28 10:30:00,13.11,13.23,0.92,14,1,0~2%,2025-08
sz300015,2025-09-12 10:30:00,2025-09-19 11:30:00,13.08,12.52,-4.28,7,0,-5~-2%,2025-09
sz300015,2025-10-09 14:00:00,2025-10-21 10:30:00,12.61,12.35,-2.06,11,0,-5~-2%,2025-10
sz300015,2025-11-10 11:30:00,2025-11-17 11:30:00,12.23,12.16,-0.57,7,0,-2~0%,2025-11
sz300015,2025-12-08 11:30:00,2025-12-10 14:00:00,11.47,11.18,-2.53,2,0,-5~-2%,2025-12
sz300015,2025-12-17 15:00:00,2025-12-24 10:30:00,11.19,11.13,-0.54,6,0,-2~0%,2025-12
sz300015,2026-01-05 14:00:00,2026-01-16 11:30:00,11.17,11.46,2.6,10,1,2~5%,2026-01
sz300015,2026-01-30 10:30:00,2026-02-03 10:30:00,11.32,10.95,-3.27,4,0,-5~-2%,2026-02
sz300015,2026-02-05 11:30:00,2026-02-06 11:30:00,11.54,11.13,-3.55,1,0,-5~-2%,2026-02
sz300015,2026-02-24 14:00:00,2026-03-02 11:30:00,10.62,10.37,-2.35,5,0,-5~-2%,2026-03
sz300015,2026-03-17 11:30:00,2026-03-19 11:30:00,10.4,10.13,-2.6,2,0,-5~-2%,2026-03
sz300015,2026-03-31 10:30:00,2026-04-07 14:00:00,9.68,9.41,-2.79,7,0,-5~-2%,2026-04
sz300015,2026-04-08 11:30:00,2026-04-17 11:30:00,9.64,9.47,-1.76,9,0,-2~0%,2026-04
sz300015,2026-04-20 15:00:00,2026-05-07 14:00:00,9.67,10.52,8.79,16,1,5~10%,2026-05
sz300015,2026-05-14 10:30:00,2026-05-18 11:30:00,10.89,10.3,-5.42,4,0,-10~-5%,2026-05
sz300015,2026-05-29 14:00:00,2026-06-03 11:30:00,9.42,8.91,-5.41,4,0,-10~-5%,2026-06
sz000538,2025-06-03 14:00:00,2025-06-16 14:00:00,57.03,56.11,-1.61,13,0,-2~0%,2025-06
sz000538,2025-06-25 15:00:00,2025-07-15 11:30:00,55.73,55.66,-0.13,19,0,-2~0%,2025-07
sz000538,2025-07-22 14:00:00,2025-07-29 11:30:00,56.39,55.84,-0.98,6,0,-2~0%,2025-07
sz000538,2025-07-30 11:30:00,2025-08-04 14:00:00,57.87,55.86,-3.47,5,0,-5~-2%,2025-08
sz000538,2025-08-18 11:30:00,2025-08-28 10:30:00,56.77,56.9,0.23,9,1,0~2%,2025-08
sz000538,2025-08-29 11:30:00,2025-09-16 11:30:00,57.91,58.51,1.04,18,1,0~2%,2025-09
sz000538,2025-10-16 11:30:00,2025-10-20 14:00:00,57.69,56.52,-2.03,4,0,-5~-2%,2025-10
sz000538,2025-10-30 11:30:00,2025-11-05 10:30:00,56.8,55.89,-1.6,5,0,-2~0%,2025-11
sz000538,2025-11-10 14:00:00,2025-11-17 11:30:00,56.75,56.3,-0.79,6,0,-2~0%,2025-11
sz000538,2025-12-08 14:00:00,2025-12-09 15:00:00,56.1,55.63,-0.84,1,0,-2~0%,2025-12
sz000538,2025-12-17 11:30:00,2026-01-14 15:00:00,56.0,56.55,0.98,28,1,0~2%,2026-01
sz000538,2026-01-20 14:00:00,2026-01-23 11:30:00,57.11,56.17,-1.65,2,0,-2~0%,2026-01
sz000538,2026-02-05 11:30:00,2026-02-12 11:30:00,57.34,56.4,-1.64,7,0,-2~0%,2026-02
sz000538,2026-03-09 11:30:00,2026-03-23 11:30:00,56.52,55.78,-1.31,14,0,-2~0%,2026-03
sz000538,2026-03-31 15:00:00,2026-04-09 14:00:00,55.13,55.29,0.29,8,1,0~2%,2026-04
sz000538,2026-04-15 14:00:00,2026-04-21 10:30:00,55.47,55.0,-0.85,5,0,-2~0%,2026-04
sz000538,2026-05-28 10:30:00,2026-06-04 15:00:00,49.08,48.56,-1.06,7,0,-2~0%,2026-06
sz000538,2026-06-09 11:30:00,2026-06-09 15:00:00,49.9,49.42,-0.96,0,0,-2~0%,2026-06
sh601899,2025-06-04 11:30:00,2025-06-16 15:00:00,18.25,18.73,2.63,12,1,2~5%,2025-06
sh601899,2025-06-24 11:30:00,2025-07-09 11:30:00,18.9,19.4,2.65,15,1,2~5%,2025-07
sh601899,2025-07-18 11:30:00,2025-07-28 14:00:00,19.67,19.61,-0.31,10,0,-2~0%,2025-07
sh601899,2025-08-04 11:30:00,2025-08-19 15:00:00,19.84,20.47,3.18,15,1,2~5%,2025-08
sh601899,2025-08-25 11:30:00,2025-09-18 15:00:00,21.95,24.54,11.8,24,1,>10%,2025-09
sh601899,2025-09-23 11:30:00,2025-10-15 10:30:00,25.52,29.96,17.4,21,1,>10%,2025-10
sh601899,2025-10-27 11:30:00,2025-11-03 11:30:00,30.96,29.08,-6.07,7,0,-10~-5%,2025-11
sh601899,2025-11-07 15:00:00,2025-11-12 14:00:00,30.11,29.31,-2.66,4,0,-5~-2%,2025-11
sh601899,2025-11-13 14:00:00,2025-11-17 14:00:00,30.95,29.08,-6.04,4,0,-10~-5%,2025-11
sh601899,2025-12-01 11:30:00,2025-12-09 15:00:00,30.09,30.21,0.4,8,1,0~2%,2025-12
sh601899,2025-12-12 15:00:00,2025-12-16 14:00:00,31.68,30.26,-4.48,3,0,-5~-2%,2025-12
sh601899,2025-12-22 11:30:00,2026-01-20 11:30:00,32.52,36.31,11.65,29,1,>10%,2026-01
sh601899,2026-01-26 11:30:00,2026-02-02 11:30:00,40.32,37.96,-5.85,7,0,-10~-5%,2026-02
sh601899,2026-02-11 14:00:00,2026-02-13 11:30:00,39.68,38.58,-2.77,1,0,-5~-2%,2026-02
sh601899,2026-02-25 11:30:00,2026-03-04 11:30:00,39.82,38.43,-3.49,7,0,-5~-2%,2026-03
sh601899,2026-03-25 11:30:00,2026-04-07 14:00:00,33.41,32.39,-3.05,13,0,-5~-2%,2026-04
sh601899,2026-04-08 11:30:00,2026-04-23 14:00:00,34.54,34.19,-1.01,15,0,-2~0%,2026-04
sh601899,2026-04-30 10:30:00,2026-05-15 10:30:00,33.7,32.99,-2.11,15,0,-5~-2%,2026-05
sh601899,2026-05-26 11:30:00,2026-05-28 11:30:00,32.34,30.59,-5.41,2,0,-10~-5%,2026-05
sh601899,2026-06-02 15:00:00,2026-06-05 15:00:00,31.58,30.0,-5.0,3,0,-10~-5%,2026-06
sz002460,2025-06-04 11:30:00,2025-06-18 11:30:00,31.09,30.86,-0.74,14,0,-2~0%,2025-06
sz002460,2025-06-24 11:30:00,2025-07-16 15:00:00,32.04,33.89,5.77,22,1,5~10%,2025-07
sz002460,2025-07-18 11:30:00,2025-07-31 11:30:00,36.1,36.44,0.94,13,1,0~2%,2025-07
sz002460,2025-08-08 14:00:00,2025-08-14 14:00:00,36.49,38.29,4.93,6,1,2~5%,2025-08
sz002460,2025-08-26 15:00:00,2025-08-28 14:00:00,39.5,37.78,-4.35,1,0,-5~-2%,2025-08
sz002460,2025-08-29 11:30:00,2025-10-20 10:30:00,40.09,62.0,54.65,51,1,>10%,2025-10
sz002460,2025-10-24 10:30:00,2025-11-04 14:00:00,64.48,66.44,3.04,11,1,2~5%,2025-11
sz002460,2025-11-06 14:00:00,2025-11-12 14:00:00,69.51,66.4,-4.47,6,0,-5~-2%,2025-11
sz002460,2025-11-17 14:00:00,2025-11-21 11:30:00,73.34,64.4,-12.19,3,0,<-10%,2025-11
sz002460,2025-12-08 14:00:00,2025-12-15 11:30:00,62.62,60.01,-4.17,6,0,-5~-2%,2025-12
sz002460,2025-12-18 11:30:00,2025-12-30 11:30:00,63.27,63.12,-0.24,12,0,-2~0%,2025-12
sz002460,2026-01-12 14:00:00,2026-01-20 11:30:00,67.92,66.49,-2.11,7,0,-5~-2%,2026-01
sz002460,2026-01-23 11:30:00,2026-01-30 11:30:00,73.1,67.01,-8.33,7,0,-10~-5%,2026-01
sz002460,2026-02-11 14:00:00,2026-03-03 11:30:00,66.8,67.96,1.74,19,1,0~2%,2026-03
sz002460,2026-03-10 10:30:00,2026-03-18 11:30:00,68.8,66.22,-3.75,8,0,-5~-2%,2026-03
sz002460,2026-03-20 14:00:00,2026-04-23 14:00:00,67.68,79.93,18.1,34,1,>10%,2026-04
sz002460,2026-04-27 10:30:00,2026-05-08 15:00:00,84.0,85.06,1.26,11,1,0~2%,2026-05
sh600547,2025-06-03 11:30:00,2025-06-09 11:30:00,30.94,29.45,-4.82,6,0,-5~-2%,2025-06
sh600547,2025-06-13 10:30:00,2025-07-07 15:00:00,31.39,32.45,3.38,24,1,2~5%,2025-07
sh600547,2025-07-22 11:30:00,2025-07-24 14:00:00,32.0,30.89,-3.47,2,0,-5~-2%,2025-07
sh600547,2025-08-04 11:30:00,2025-08-11 11:30:00,30.79,31.71,2.99,7,1,2~5%,2025-08
sh600547,2025-08-25 11:30:00,2025-09-17 11:30:00,31.63,37.1,17.29,23,1,>10%,2025-09
sh600547,2025-09-23 10:30:00,2025-10-15 11:30:00,38.99,40.86,4.8,22,1,2~5%,2025-10
sh600547,2025-11-10 11:30:00,2025-11-17 14:00:00,35.87,35.05,-2.29,7,0,-5~-2%,2025-11
sh600547,2025-11-19 15:00:00,2025-11-24 11:30:00,35.84,34.59,-3.49,4,0,-5~-2%,2025-11
sh600547,2025-11-26 14:00:00,2025-12-04 14:00:00,35.93,35.96,0.08,8,1,0~2%,2025-12
sh600547,2025-12-15 10:30:00,2025-12-16 14:00:00,36.0,35.15,-2.36,1,0,-5~-2%,2025-12
sh600547,2025-12-18 14:00:00,2025-12-31 14:00:00,37.28,38.35,2.87,13,1,2~5%,2025-12
sh600547,2026-01-05 15:00:00,2026-02-02 11:30:00,39.95,49.1,22.9,27,1,>10%,2026-02
sh600547,2026-02-11 14:00:00,2026-03-05 11:30:00,48.02,46.86,-2.42,21,0,-5~-2%,2026-03
sh600547,2026-03-25 11:30:00,2026-04-10 14:00:00,39.78,40.3,1.31,16,1,0~2%,2026-04
sh600547,2026-05-06 15:00:00,2026-05-13 14:00:00,35.69,34.48,-3.39,6,0,-5~-2%,2026-05
sh600547,2026-05-27 10:30:00,2026-05-28 11:30:00,31.01,28.87,-6.9,1,0,-10~-5%,2026-05
sz002304,2025-06-04 11:30:00,2025-06-12 15:00:00,66.45,66.07,-0.57,8,0,-2~0%,2025-06
sz002304,2025-06-16 15:00:00,2025-06-27 11:30:00,65.27,64.28,-1.52,10,0,-2~0%,2025-06
sz002304,2025-07-03 15:00:00,2025-07-28 11:30:00,65.32,68.05,4.18,24,1,2~5%,2025-07
sz002304,2025-08-07 14:00:00,2025-08-28 15:00:00,68.98,72.01,4.39,21,1,2~5%,2025-08
sz002304,2025-10-14 14:00:00,2025-11-10 10:30:00,68.54,69.41,1.27,26,1,0~2%,2025-11
sz002304,2025-11-10 14:00:00,2025-11-13 11:30:00,71.13,69.86,-1.79,2,0,-2~0%,2025-11
sz002304,2025-12-11 10:30:00,2025-12-24 11:30:00,62.9,61.88,-1.62,13,0,-2~0%,2025-12
sz002304,2025-12-25 15:00:00,2025-12-29 11:30:00,62.74,61.84,-1.43,3,0,-2~0%,2025-12
sz002304,2026-01-05 14:00:00,2026-01-16 11:30:00,61.61,62.28,1.09,10,1,0~2%,2026-01
sz002304,2026-01-20 11:30:00,2026-01-26 11:30:00,63.55,56.96,-10.37,6,0,<-10%,2026-01
sz002304,2026-01-29 15:00:00,2026-02-03 11:30:00,56.96,54.83,-3.74,4,0,-5~-2%,2026-02
sz002304,2026-03-16 11:30:00,2026-03-20 10:30:00,51.77,50.77,-1.93,3,0,-2~0%,2026-03
sz002304,2026-03-26 11:30:00,2026-04-07 11:30:00,50.51,50.25,-0.51,12,0,-2~0%,2026-04
sz002304,2026-04-23 11:30:00,2026-05-06 10:30:00,50.28,48.74,-3.06,12,0,-5~-2%,2026-05
sz002304,2026-05-27 15:00:00,2026-06-04 14:00:00,45.43,43.71,-3.79,7,0,-5~-2%,2026-06
sh601012,2025-06-11 11:30:00,2025-06-20 10:30:00,14.6,14.45,-1.03,8,0,-2~0%,2025-06
sh601012,2025-06-30 11:30:00,2025-07-31 11:30:00,14.95,15.99,6.96,31,1,5~10%,2025-07
sh601012,2025-08-15 14:00:00,2025-09-16 14:00:00,16.08,17.01,5.78,32,1,5~10%,2025-09
sh601012,2025-09-25 10:30:00,2025-10-13 14:00:00,17.38,17.9,2.99,18,1,2~5%,2025-10
sh601012,2025-10-14 11:30:00,2025-10-23 11:30:00,19.94,18.53,-7.07,9,0,-10~-5%,2025-10
sh601012,2025-10-29 11:30:00,2025-11-12 11:30:00,19.96,21.2,6.21,14,1,5~10%,2025-11
sh601012,2025-11-14 15:00:00,2025-11-21 10:30:00,22.23,19.7,-11.38,6,0,<-10%,2025-11
sh601012,2025-12-19 11:30:00,2025-12-31 15:00:00,18.22,18.21,-0.05,12,0,-2~0%,2025-12
sh601012,2026-01-06 14:00:00,2026-01-09 15:00:00,18.76,18.34,-2.24,3,0,-5~-2%,2026-01
sh601012,2026-01-12 11:30:00,2026-01-20 11:30:00,19.16,17.59,-8.19,8,0,-10~-5%,2026-01
sh601012,2026-01-23 11:30:00,2026-01-30 11:30:00,18.67,17.82,-4.55,7,0,-5~-2%,2026-01
sh601012,2026-02-04 11:30:00,2026-03-02 11:30:00,18.84,18.03,-4.3,26,0,-5~-2%,2026-03
sh601012,2026-03-10 15:00:00,2026-03-24 11:30:00,18.55,18.1,-2.43,13,0,-5~-2%,2026-03
sh601012,2026-04-08 14:00:00,2026-04-27 15:00:00,17.23,17.17,-0.35,19,0,-2~0%,2026-04
sh601012,2026-05-13 11:30:00,2026-05-15 11:30:00,16.78,15.65,-6.73,2,0,-10~-5%,2026-05
sh600438,2025-06-20 11:30:00,2025-07-31 15:00:00,15.45,20.41,32.1,41,1,>10%,2025-07
sh600438,2025-08-15 14:00:00,2025-09-10 11:30:00,20.95,22.35,6.68,25,1,5~10%,2025-09
sh600438,2025-09-17 14:00:00,2025-09-19 14:00:00,23.14,21.91,-5.32,2,0,-10~-5%,2025-09
sh600438,2025-09-25 10:30:00,2025-10-13 11:30:00,21.64,21.41,-1.06,18,0,-2~0%,2025-10
sh600438,2025-10-14 11:30:00,2025-10-21 11:30:00,23.49,22.83,-2.81,7,0,-5~-2%,2025-10
sh600438,2025-10-29 11:30:00,2025-11-12 11:30:00,23.5,25.07,6.68,14,1,5~10%,2025-11
sh600438,2025-12-09 15:00:00,2025-12-12 10:30:00,22.2,21.24,-4.32,2,0,-5~-2%,2025-12
sh600438,2025-12-26 11:30:00,2025-12-31 11:30:00,22.07,20.68,-6.3,5,0,-10~-5%,2025-12
sh600438,2026-01-06 11:30:00,2026-01-09 14:00:00,21.31,20.89,-1.97,3,0,-2~0%,2026-01
sh600438,2026-01-23 11:30:00,2026-01-27 11:30:00,19.7,18.78,-4.67,4,0,-5~-2%,2026-01
sh600438,2026-02-04 11:30:00,2026-02-13 11:30:00,19.22,18.18,-5.41,9,0,-10~-5%,2026-02
sh600438,2026-03-11 11:30:00,2026-03-20 10:30:00,18.9,18.11,-4.18,8,0,-5~-2%,2026-03
sh600438,2026-04-08 14:00:00,2026-04-28 10:30:00,16.27,17.55,7.87,19,1,5~10%,2026-04
sz002371,2025-06-06 11:30:00,2025-06-10 11:30:00,430.42,421.62,-2.04,4,0,-5~-2%,2025-06
sz002371,2025-06-17 11:30:00,2025-07-03 11:30:00,417.01,327.27,-21.52,16,0,<-10%,2025-07
sz002371,2025-07-23 11:30:00,2025-08-01 10:30:00,329.95,334.0,1.23,8,1,0~2%,2025-08
sz002371,2025-08-14 11:30:00,2025-09-04 11:30:00,347.14,356.89,2.81,21,1,2~5%,2025-09
sz002371,2025-09-11 11:30:00,2025-10-10 15:00:00,372.97,440.86,18.2,29,1,>10%,2025-10
sz002371,2025-10-27 10:30:00,2025-10-31 14:00:00,422.3,406.76,-3.68,4,0,-5~-2%,2025-10
sz002371,2025-11-07 15:00:00,2025-11-21 11:30:00,415.65,395.1,-4.94,13,0,-5~-2%,2025-11
sz002371,2025-11-24 15:00:00,2025-12-16 14:00:00,413.85,439.04,6.09,21,1,5~10%,2025-12
sz002371,2025-12-22 11:30:00,2025-12-26 14:00:00,464.88,458.42,-1.39,4,0,-2~0%,2025-12
sz002371,2026-01-05 11:30:00,2026-01-28 15:00:00,470.02,493.54,5.0,23,1,2~5%,2026-01
sz002371,2026-02-09 11:30:00,2026-02-27 11:30:00,481.48,468.57,-2.68,18,0,-5~-2%,2026-02
sz002371,2026-03-05 11:30:00,2026-03-09 11:30:00,470.52,436.05,-7.33,4,0,-10~-5%,2026-03
sz002371,2026-03-20 11:30:00,2026-03-23 11:30:00,469.45,452.75,-3.56,3,0,-5~-2%,2026-03
sz002371,2026-03-25 11:30:00,2026-04-02 11:30:00,465.15,441.68,-5.05,8,0,-10~-5%,2026-04
sz002371,2026-04-08 11:30:00,2026-04-21 11:30:00,455.19,453.95,-0.27,13,0,-2~0%,2026-04
sz002371,2026-04-23 11:30:00,2026-05-29 15:00:00,479.95,631.39,31.55,36,1,>10%,2026-05
sh603986,2025-06-04 11:30:00,2025-06-20 14:00:00,115.92,117.99,1.79,16,1,0~2%,2025-06
sh603986,2025-06-26 10:30:00,2025-07-02 14:00:00,125.2,121.53,-2.93,6,0,-5~-2%,2025-07
sh603986,2025-07-18 10:30:00,2025-08-01 11:30:00,117.86,119.6,1.48,14,1,0~2%,2025-08
sh603986,2025-08-12 14:00:00,2025-09-04 11:30:00,119.27,154.01,29.13,22,1,>10%,2025-09
sh603986,2025-09-11 11:30:00,2025-10-13 14:00:00,169.39,206.31,21.8,32,1,>10%,2025-10
sh603986,2025-10-21 11:30:00,2025-10-31 11:30:00,218.95,221.41,1.12,10,1,0~2%,2025-10
sh603986,2025-11-13 11:30:00,2025-11-14 15:00:00,230.45,209.07,-9.28,1,0,-10~-5%,2025-11
sh603986,2025-11-26 11:30:00,2025-12-16 11:30:00,193.48,200.9,3.84,20,1,2~5%,2025-12
sh603986,2025-12-18 11:30:00,2025-12-31 15:00:00,211.15,213.82,1.26,13,1,0~2%,2025-12
sh603986,2026-01-05 11:30:00,2026-02-02 11:30:00,235.68,290.2,23.13,28,1,>10%,2026-02
sh603986,2026-02-09 14:00:00,2026-02-27 11:30:00,290.92,299.59,2.98,17,1,2~5%,2026-02
sh603986,2026-03-16 11:30:00,2026-03-23 11:30:00,286.88,278.8,-2.82,7,0,-5~-2%,2026-03
sh603986,2026-04-10 11:30:00,2026-05-29 11:30:00,263.0,467.88,77.9,49,1,>10%,2026-05
sh603986,2026-06-04 11:30:00,2026-06-08 11:30:00,522.04,481.95,-7.68,4,0,-10~-5%,2026-06
sz300124,2025-06-24 11:30:00,2025-07-07 11:30:00,63.62,62.48,-1.79,13,0,-2~0%,2025-07
sz300124,2025-07-11 15:00:00,2025-07-30 15:00:00,64.32,64.23,-0.14,19,0,-2~0%,2025-07
sz300124,2025-08-06 11:30:00,2025-09-04 11:30:00,65.89,70.82,7.48,29,1,5~10%,2025-09
sz300124,2025-09-08 11:30:00,2025-10-13 10:30:00,77.18,80.35,4.11,34,1,2~5%,2025-10
sz300124,2025-11-27 11:30:00,2025-12-03 15:00:00,70.99,70.2,-1.11,6,0,-2~0%,2025-12
sz300124,2025-12-04 11:30:00,2025-12-15 14:00:00,72.72,72.18,-0.74,11,0,-2~0%,2025-12
sz300124,2025-12-22 11:30:00,2026-01-14 15:00:00,72.72,77.52,6.6,23,1,5~10%,2026-01
sz300124,2026-01-16 14:00:00,2026-01-27 10:30:00,81.88,77.01,-5.95,10,0,-10~-5%,2026-01
sz300124,2026-02-09 11:30:00,2026-02-11 15:00:00,76.99,75.51,-1.92,2,0,-2~0%,2026-02
sz300124,2026-03-05 11:30:00,2026-03-18 14:00:00,70.49,69.35,-1.62,13,0,-2~0%,2026-03
sz300124,2026-03-30 10:30:00,2026-04-02 14:00:00,67.58,66.44,-1.69,3,0,-2~0%,2026-04
sz300124,2026-04-08 14:00:00,2026-04-16 15:00:00,66.81,66.82,0.01,8,1,0~2%,2026-04
sz300124,2026-04-29 14:00:00,2026-05-28 11:30:00,66.56,75.85,13.96,28,1,>10%,2026-05
sh600031,2025-06-06 11:30:00,2025-06-10 15:00:00,18.56,18.13,-2.32,4,0,-5~-2%,2025-06
sh600031,2025-06-17 14:00:00,2025-06-19 11:30:00,18.08,17.55,-2.93,1,0,-5~-2%,2025-06
sh600031,2025-06-24 11:30:00,2025-08-04 15:00:00,17.98,19.65,9.29,41,1,5~10%,2025-08
sh600031,2025-08-07 15:00:00,2025-08-19 11:30:00,20.34,20.48,0.69,11,1,0~2%,2025-08
sh600031,2025-08-22 11:30:00,2025-08-28 15:00:00,21.33,21.11,-1.03,6,0,-2~0%,2025-08
sh600031,2025-09-09 11:30:00,2025-09-15 15:00:00,21.29,20.76,-2.49,6,0,-5~-2%,2025-09
sh600031,2025-09-19 11:30:00,2025-10-23 11:30:00,21.57,22.36,3.66,34,1,2~5%,2025-10
sh600031,2025-11-18 11:30:00,2025-11-21 11:30:00,21.02,20.43,-2.81,3,0,-5~-2%,2025-11
sh600031,2025-11-26 14:00:00,2025-11-27 14:00:00,21.0,20.25,-3.57,1,0,-5~-2%,2025-11
sh600031,2025-12-04 11:30:00,2025-12-16 11:30:00,20.58,20.81,1.12,12,1,0~2%,2025-12
sh600031,2025-12-19 11:30:00,2026-01-29 10:30:00,21.46,22.45,4.61,40,1,2~5%,2026-01
sh600031,2026-02-03 15:00:00,2026-02-13 11:30:00,22.78,23.32,2.37,9,1,2~5%,2026-02
sh600031,2026-02-24 11:30:00,2026-02-27 11:30:00,24.1,23.23,-3.61,3,0,-5~-2%,2026-02
sh600031,2026-03-10 14:00:00,2026-03-12 14:00:00,22.23,21.29,-4.23,2,0,-5~-2%,2026-03
sh600031,2026-03-25 11:30:00,2026-03-30 11:30:00,19.78,18.73,-5.31,5,0,-10~-5%,2026-03
sh600031,2026-03-31 11:30:00,2026-04-17 11:30:00,19.6,20.04,2.24,17,1,2~5%,2026-04
sh600031,2026-04-28 11:30:00,2026-05-15 10:30:00,20.11,20.6,2.44,16,1,2~5%,2026-05
sh600031,2026-06-05 14:00:00,2026-06-09 15:00:00,18.78,19.92,6.07,4,1,5~10%,2026-06
