code,entry_date,exit_date,entry_price,exit_price,pnl_pct,hold_days,win,cumulative,peak,drawdown,pnl_bin,month
sh.601168,2025-03-11,2025-04-03,16.006,15.649,-2.23,23,0,0.9777,0.9777,0.0,-5%~-2%,2025-04
sz.000630,2025-03-12,2025-04-07,3.246,2.932,-9.68,26,0,0.88305864,0.9777,-9.680000000000001,-10%~-5%,2025-04
sh.600547,2025-03-17,2025-04-08,25.035,25.065,0.12,22,1,0.884118310368,0.9777,-9.571615999999999,0%~2%,2025-04
sh.601857,2025-03-26,2025-04-08,7.655,7.02,-8.29,13,0,0.8108249024384928,0.9777,-17.068129033599998,-10%~-5%,2025-04
sh.600196,2025-04-02,2025-04-08,25.481,22.921,-10.05,6,0,0.7293369997434243,0.9777,-25.4027820657232,<-10%,2025-04
sz.002142,2025-03-17,2025-04-08,24.607,22.194,-9.81,22,0,0.6577890400685944,0.9777,-32.72076914507575,-10%~-5%,2025-04
sh.601899,2025-03-14,2025-04-08,17.009,15.199,-10.64,25,0,0.5878002862052959,0.9777,-39.87927930803969,<-10%,2025-04
sz.000333,2025-03-03,2025-04-08,68.915,64.46,-6.46,36,0,0.5498283877164338,0.9777,-43.76307786474033,-10%~-5%,2025-04
sh.603178,2025-04-24,2025-04-30,21.652,17.352,-19.86,6,0,0.44063246991595006,0.9777,-54.931730600802894,<-10%,2025-04
sh.600310,2025-04-25,2025-05-06,5.005,4.205,-15.98,11,0,0.37021940122338126,0.9777,-62.13364005079459,<-10%,2025-05
sh.600547,2025-04-11,2025-05-13,29.622,28.83,-2.68,32,0,0.3602975212705946,0.9777,-63.14845849743331,-5%~-2%,2025-05
sh.601888,2025-04-10,2025-05-16,67.595,60.473,-10.54,36,0,0.32232216252867396,0.9777,-67.03261097180383,<-10%,2025-05
sh.600585,2025-03-06,2025-05-19,23.116,22.513,-2.61,74,0,0.3139095540866756,0.9777,-67.89305982543974,-5%~-2%,2025-05
sz.002371,2025-04-10,2025-05-23,339.917,312.472,-8.07,43,0,0.28857705307188086,0.9777,-70.48408989752676,-10%~-5%,2025-05
sh.603160,2025-05-09,2025-05-26,70.559,67.026,-5.01,17,0,0.2741193427129796,0.9777,-71.96283699366069,-10%~-5%,2025-05
sh.603986,2025-04-30,2025-05-26,126.339,114.988,-8.98,26,0,0.24950342573735404,0.9777,-74.48057423162993,-10%~-5%,2025-05
sz.000002,2025-04-21,2025-05-26,7.2,6.63,-7.92,35,0,0.2297427544189556,0.9777,-76.50171275248485,-10%~-5%,2025-05
sh.600519,2025-05-13,2025-05-27,1551.572,1495.716,-3.6,14,0,0.2214720152598732,0.9777,-77.34765109339538,-5%~-2%,2025-05
sh.600519,2025-05-13,2025-05-27,1551.572,1495.716,-3.6,14,0,0.21349902271051777,0.9777,-78.16313565403316,-5%~-2%,2025-05
sz.000858,2025-05-15,2025-05-27,128.614,120.298,-6.47,12,0,0.19968563594114727,0.9777,-79.57598077721721,-10%~-5%,2025-05
sz.000858,2025-05-15,2025-05-27,128.614,120.298,-6.47,12,0,0.18676597529575506,0.9777,-80.89741482093126,-10%~-5%,2025-05
sh.600031,2025-05-07,2025-05-28,19.437,17.861,-8.11,21,0,0.17161925469926934,0.9777,-82.44663447895374,-10%~-5%,2025-05
sh.600584,2025-05-07,2025-05-28,34.844,32.355,-7.14,21,0,0.1593656399137415,0.9777,-83.69994477715643,-10%~-5%,2025-05
sh.600019,2025-04-29,2025-05-29,6.698,6.456,-3.61,30,0,0.15361254031285543,0.9777,-84.28837677070109,-5%~-2%,2025-05
sz.000333,2025-05-12,2025-06-04,72.138,71.835,-0.42,23,0,0.15296736764354144,0.9777,-84.35436558826414,-2%~0%,2025-06
sz.000651,2025-03-17,2025-06-04,39.598,42.096,6.31,79,1,0.1626196085418489,0.9777,-83.36712605688362,5%~10%,2025-06
sh.600406,2025-04-09,2025-06-04,22.611,21.295,-5.82,56,0,0.15315514732471328,0.9777,-84.33515932037298,-10%~-5%,2025-06
sh.600703,2025-04-14,2025-06-04,11.991,12.091,0.83,51,1,0.15442633504750838,0.9777,-84.20514114273209,0%~2%,2025-06
sh.600104,2025-04-17,2025-06-04,15.659,15.321,-2.16,48,0,0.15109072621048222,0.9777,-84.54631009404908,-5%~-2%,2025-06
sh.600690,2025-05-13,2025-06-04,25.316,23.692,-6.42,22,0,0.14139070158776926,0.9777,-85.53843698601112,-10%~-5%,2025-06
sz.300124,2025-05-06,2025-06-09,71.372,63.697,-10.75,34,0,0.12619120116708404,0.9777,-87.09305501001494,<-10%,2025-06
sz.300750,2025-05-08,2025-06-09,234.944,244.156,3.92,32,1,0.13113789625283373,0.9777,-86.58710276640751,2%~5%,2025-06
sh.600085,2025-04-10,2025-06-17,36.672,35.972,-1.91,68,0,0.12863316243440462,0.9777,-86.84328910356913,-2%~0%,2025-06
sz.000538,2025-04-01,2025-06-18,53.181,52.975,-0.39,78,0,0.12813149310091043,0.9777,-86.89460027606522,-2%~0%,2025-06
sh.600588,2025-06-10,2025-06-19,14.44,12.91,-10.6,9,0,0.11454955483221393,0.9777,-88.28377264680229,<-10%,2025-06
sz.002410,2025-04-18,2025-06-19,15.533,13.03,-16.11,62,0,0.09609562154874426,0.9777,-90.17125687340246,<-10%,2025-06
sz.001896,2025-04-28,2025-06-20,4.39,4.41,0.46,53,1,0.09653766140786849,0.9777,-90.1260446550201,0%~2%,2025-06
sh.603178,2025-05-20,2025-06-20,19.737,17.6,-10.83,31,0,0.08608263267739633,0.9777,-91.19539401888142,<-10%,2025-06
sz.002230,2025-05-06,2025-06-23,47.12,45.603,-3.22,48,0,0.08331077190518417,0.9777,-91.47890233147344,-5%~-2%,2025-06
sz.300760,2025-05-14,2025-07-04,225.013,216.039,-3.99,51,0,0.07998667210616732,0.9777,-91.81889412844765,-5%~-2%,2025-07
sh.600547,2025-06-16,2025-07-18,31.683,30.286,-4.41,32,0,0.07645925986628534,0.9777,-92.17968089738311,-5%~-2%,2025-07
sz.002410,2025-07-21,2025-07-24,13.707,12.825,-6.43,3,0,0.07154292945688319,0.9777,-92.68252741568136,-10%~-5%,2025-07
sh.601166,2025-05-09,2025-07-25,19.967,22.51,12.73,77,1,0.08065034437674441,0.9777,-91.75101315569762,>10%,2025-07
sh.600900,2025-04-07,2025-07-25,27.144,28.631,5.48,109,1,0.08506998324859,0.9777,-91.29896867662985,5%~10%,2025-07
sh.600016,2025-05-09,2025-07-30,3.895,4.8,23.24,82,1,0.10484024735556231,0.9777,-89.27684899707863,>10%,2025-07
sz.000651,2025-07-03,2025-07-30,43.545,43.115,-0.99,27,0,0.10380232890674225,0.9777,-89.38300819200754,-2%~0%,2025-07
sh.600406,2025-07-22,2025-07-31,23.116,21.825,-5.59,9,0,0.09799977872085536,0.9777,-89.97649803407433,-10%~-5%,2025-07
sh.600585,2025-07-03,2025-08-01,21.952,23.258,5.95,29,1,0.10383076555474627,0.9777,-89.38009966710175,5%~10%,2025-08
sh.601899,2025-04-17,2025-08-01,17.732,18.954,6.89,106,1,0.11098470530146828,0.9777,-88.64838853416505,5%~10%,2025-08
sz.000001,2025-05-14,2025-08-01,10.72,11.986,11.81,79,1,0.1240919989975717,0.9777,-87.30776322004994,>10%,2025-08
sz.001896,2025-07-08,2025-08-01,5.62,5.41,-3.74,24,0,0.11945095823506252,0.9777,-87.78245287562008,-5%~-2%,2025-08
sh.600690,2025-07-03,2025-08-01,24.446,24.67,0.92,29,1,0.1205499070508251,0.9777,-87.67005144207577,0%~2%,2025-08
sh.600310,2025-07-07,2025-08-01,4.265,4.047,-5.13,25,0,0.11436569681911778,0.9777,-88.3025778030973,-10%~-5%,2025-08
sh.600519,2025-07-23,2025-08-01,1444.403,1398.062,-3.21,9,0,0.1106945579512241,0.9777,-88.67806505561788,-5%~-2%,2025-08
sh.600519,2025-07-23,2025-08-01,1444.403,1398.062,-3.21,9,0,0.1071412626409898,0.9777,-89.04149916733253,-5%~-2%,2025-08
sz.300750,2025-06-26,2025-08-01,251.023,259.774,3.49,36,1,0.11088049270716034,0.9777,-88.65904748827244,2%~5%,2025-08
sh.600028,2025-05-15,2025-08-04,5.592,5.57,-0.41,81,0,0.11042588268706098,0.9777,-88.70554539357053,-2%~0%,2025-08
sz.000002,2025-07-11,2025-08-04,6.75,6.37,-5.63,24,0,0.10420890549177944,0.9777,-89.34142318791251,-10%~-5%,2025-08
sh.601857,2025-05-08,2025-08-04,7.626,8.225,7.85,88,1,0.11238930457288412,0.9777,-88.50472490816364,5%~10%,2025-08
sh.600036,2025-05-12,2025-08-14,40.6,42.453,4.57,94,1,0.11752549579186494,0.9777,-87.9793908364667,2%~5%,2025-08
sh.600036,2025-05-12,2025-08-14,40.6,42.453,4.57,94,1,0.12289641094955318,0.9777,-87.43004899769325,2%~5%,2025-08
sh.600036,2025-05-12,2025-08-14,40.6,42.453,4.57,94,1,0.12851277692994778,0.9777,-86.85560223688782,2%~5%,2025-08
sz.000725,2025-06-06,2025-08-15,3.9,3.89,-0.27,70,0,0.1281657924322369,0.9777,-86.89109211084822,-2%~0%,2025-08
sh.601398,2025-08-08,2025-08-28,7.527,7.114,-5.48,20,0,0.12114230700695033,0.9777,-87.60946026317373,-10%~-5%,2025-08
sh.600085,2025-07-25,2025-09-01,36.59,35.81,-2.13,38,0,0.1185619758677023,0.9777,-87.87337875956813,-5%~-2%,2025-09
sh.600019,2025-07-03,2025-09-01,6.78,6.829,0.72,60,1,0.11941562209394976,0.9777,-87.78606708663703,0%~2%,2025-09
sz.000651,2025-08-26,2025-09-01,44.853,41.547,-7.37,6,0,0.11061469074562567,0.9777,-88.68623394235188,-10%~-5%,2025-09
sz.000338,2025-06-26,2025-09-02,15.054,14.512,-3.61,68,0,0.10662150040970858,0.9777,-89.09466089703298,-5%~-2%,2025-09
sh.600406,2025-08-26,2025-09-02,22.192,21.467,-3.27,7,0,0.10313497734631112,0.9777,-89.45126548569999,-5%~-2%,2025-09
sz.300015,2025-07-14,2025-09-04,12.425,12.593,1.36,52,1,0.10453761303822096,0.9777,-89.30780269630552,0%~2%,2025-09
sh.603160,2025-06-26,2025-09-04,69.965,76.414,9.22,70,1,0.11417598096034494,0.9777,-88.32198210490489,5%~10%,2025-09
sz.002410,2025-08-27,2025-09-04,15.127,13.844,-8.48,8,0,0.10449385777490769,0.9777,-89.31227802240895,-10%~-5%,2025-09
sz.300122,2025-07-11,2025-09-04,20.58,21.88,6.32,55,1,0.11109786958628184,0.9777,-88.63681399342519,5%~10%,2025-09
sh.600588,2025-07-16,2025-09-04,14.74,14.91,1.15,50,1,0.1123754950865241,0.9777,-88.50613735434959,0%~2%,2025-09
sz.002415,2025-07-22,2025-09-05,27.176,28.306,4.16,45,1,0.11705031568212351,0.9777,-88.02799266829052,2%~5%,2025-09
sh.600010,2025-06-12,2025-09-05,1.82,2.43,33.52,85,1,0.1562855814987713,0.9777,-84.01497581070151,>10%,2025-09
sh.600570,2025-05-13,2025-09-05,26.956,33.794,25.37,115,1,0.1959352335250096,0.9777,-79.95957517387649,>10%,2025-09
sz.002230,2025-07-28,2025-09-05,50.18,49.19,-1.97,39,0,0.1920753094245669,0.9777,-80.35437154295111,-2%~0%,2025-09
sh.601318,2025-04-28,2025-09-17,48.211,55.744,15.62,142,1,0.22207747275668427,0.9777,-77.28572437796008,>10%,2025-09
sz.002142,2025-05-13,2025-09-18,24.32,26.773,10.09,128,1,0.2444850897578337,0.9777,-74.99385396769625,>10%,2025-09
sh.600030,2025-05-13,2025-09-18,25.999,28.711,10.43,128,1,0.26998488461957576,0.9777,-72.38571293652697,>10%,2025-09
sh.601857,2025-09-03,2025-09-19,8.849,8.19,-7.45,16,0,0.24987101071541737,0.9777,-74.44297732275571,-10%~-5%,2025-09
sh.600900,2025-08-26,2025-09-19,28.125,27.103,-3.63,24,0,0.24080069302644772,0.9777,-75.3706972459397,-5%~-2%,2025-09
sh.601288,2025-04-16,2025-09-22,5.012,6.373,27.16,159,1,0.30620216125243094,0.9777,-68.6813786179369,>10%,2025-09
sz.000899,2025-07-02,2025-09-22,8.96,9.51,6.14,82,1,0.32500297395333017,0.9777,-66.75841526507821,5%~10%,2025-09
sz.000858,2025-07-11,2025-09-23,116.763,119.234,2.12,74,1,0.3318930370011408,0.9777,-66.05369366869787,2%~5%,2025-09
sz.000858,2025-07-11,2025-09-23,116.763,119.234,2.12,74,1,0.33892916938556505,0.9777,-65.33403197447427,2%~5%,2025-09
sh.600519,2025-08-26,2025-09-25,1465.366,1418.671,-3.19,30,0,0.3281173288821655,0.9777,-66.43987635448855,-5%~-2%,2025-09
sh.600104,2025-07-07,2025-09-25,16.973,17.46,2.87,80,1,0.3375342962210836,0.9777,-65.47670080586236,2%~5%,2025-09
sh.600519,2025-08-26,2025-09-25,1465.366,1418.671,-3.19,30,0,0.32676695217163104,0.9777,-66.57799405015537,-5%~-2%,2025-09
sz.002304,2025-07-03,2025-09-25,65.08,69.11,6.19,84,1,0.34699382651105504,0.9777,-64.50917188185997,5%~10%,2025-09
sh.600887,2025-08-26,2025-09-26,26.688,25.577,-4.17,31,0,0.33252418394554406,0.9777,-65.98913941438641,-5%~-2%,2025-09
sh.600809,2025-06-23,2025-09-26,176.704,192.2,8.77,95,1,0.36168655487756823,0.9777,-63.006386941028104,5%~10%,2025-09
sh.600763,2025-07-21,2025-09-26,42.64,43.43,1.85,67,1,0.3683777561428032,0.9777,-62.32200509943713,0%~2%,2025-09
sh.600809,2025-06-23,2025-09-26,176.704,192.2,8.77,95,1,0.400684485356527,0.9777,-59.01764494665777,5%~10%,2025-09
sz.000568,2025-06-23,2025-09-29,107.577,127.41,18.44,98,1,0.47457070445627064,0.9777,-51.460498674821466,>10%,2025-09
sz.000568,2025-06-23,2025-09-29,107.577,127.41,18.44,98,1,0.562081542358007,0.9777,-42.50981463045853,>10%,2025-09
sz.000333,2025-08-27,2025-10-14,73.428,71.55,-2.56,48,0,0.547692254873642,0.9777,-43.98156337591879,-5%~-2%,2025-10
sh.600196,2025-06-03,2025-10-15,24.512,28.24,15.21,134,1,0.630996246839923,0.9777,-35.46115916539604,>10%,2025-10
sh.600276,2025-03-28,2025-10-15,48.02,63.939,33.15,201,1,0.8401715026673573,0.9777,-14.066533428724837,>10%,2025-10
sz.300059,2025-05-13,2025-10-15,21.791,25.224,15.75,155,1,0.972498514337466,0.9777,-0.5320124437490005,>10%,2025-10
sh.603259,2025-04-30,2025-10-15,58.376,94.594,62.04,168,1,1.57583659263243,1.57583659263243,0.0,>10%,2025-10
sz.300750,2025-08-25,2025-10-15,285.523,352.965,23.62,51,1,1.94804919581221,1.94804919581221,0.0,>10%,2025-10
sz.000002,2025-08-26,2025-10-16,6.98,6.47,-7.31,51,0,1.8056467995983374,1.94804919581221,-7.309999999999999,-10%~-5%,2025-10
sh.600330,2025-05-07,2025-10-17,6.84,10.38,51.76,163,1,2.7402495830704368,2.7402495830704368,0.0,>10%,2025-10
sh.603160,2025-10-10,2025-10-20,83.489,76.405,-8.49,10,0,2.507602393467757,2.7402495830704368,-8.489999999999991,-10%~-5%,2025-10
sz.300760,2025-07-25,2025-10-20,226.845,223.267,-1.58,87,0,2.467982275650966,2.7402495830704368,-9.935857999999998,-2%~0%,2025-10
sh.600690,2025-08-27,2025-10-20,25.997,25.007,-3.81,54,0,2.3739521509486643,2.7402495830704368,-13.367301810199999,-5%~-2%,2025-10
sh.600703,2025-07-01,2025-10-20,12.4,14.16,14.19,111,1,2.7108159611682794,2.7402495830704368,-1.0741219370673942,>10%,2025-10
sh.600547,2025-08-06,2025-10-23,31.604,36.41,15.21,78,1,3.1231310688619742,3.1231310688619742,0.0,>10%,2025-10
sz.000063,2025-07-02,2025-11-03,32.5,43.13,32.71,124,1,4.144707241486726,4.144707241486726,0.0,>10%,2025-11
sh.600010,2025-10-10,2025-11-03,2.56,2.75,7.42,24,1,4.452244518805041,4.452244518805041,0.0,5%~10%,2025-11
sz.300124,2025-07-21,2025-11-04,65.158,73.999,13.57,106,1,5.056414100006885,5.056414100006885,0.0,>10%,2025-11
sz.000630,2025-06-12,2025-11-05,3.122,4.871,56.02,146,1,7.8890172788307416,7.8890172788307416,0.0,>10%,2025-11
sh.600584,2025-06-30,2025-11-06,33.756,39.27,16.33,129,1,9.177293800463802,9.177293800463802,0.0,>10%,2025-11
sh.600031,2025-07-08,2025-11-12,18.152,20.91,15.19,127,1,10.571324728754254,10.571324728754254,0.0,>10%,2025-11
sz.002230,2025-09-26,2025-11-13,55.8,50.54,-9.43,48,0,9.574448806832727,10.571324728754254,-9.430000000000007,-10%~-5%,2025-11
sz.002415,2025-10-10,2025-11-18,33.021,29.766,-9.86,39,0,8.63040815447902,10.571324728754254,-18.360202,-10%~-5%,2025-11
sz.000725,2025-08-25,2025-11-18,4.21,3.96,-5.94,85,0,8.117761910102967,10.571324728754254,-23.2096060012,-10%~-5%,2025-11
sh.600030,2025-09-30,2025-11-19,29.968,27.929,-6.8,50,0,7.5657541002159645,10.571324728754254,-28.431352793118407,-10%~-5%,2025-11
sz.002410,2025-10-16,2025-11-20,14.118,13.197,-6.52,35,0,7.072466932881883,10.571324728754254,-33.09762859100709,-10%~-5%,2025-11
sh.603178,2025-07-04,2025-11-20,19.11,19.06,-0.26,139,0,7.05407851885639,10.571324728754254,-33.271574756670475,-2%~0%,2025-11
sz.000899,2025-10-13,2025-11-20,9.69,10.16,4.85,38,1,7.3962013270209255,10.571324728754254,-30.035246132368986,2%~5%,2025-11
sh.600310,2025-10-24,2025-11-21,4.027,3.888,-3.46,28,0,7.140292761106002,10.571324728754254,-32.456026616189014,-5%~-2%,2025-11
sh.603986,2025-06-25,2025-11-21,124.447,188.725,51.65,149,1,10.82825397221725,10.82825397221725,0.0,>10%,2025-11
sh.600406,2025-09-16,2025-11-21,22.282,22.61,1.47,66,1,10.987429305608844,10.987429305608844,0.0,0%~2%,2025-11
sz.001896,2025-10-10,2025-11-24,5.65,5.46,-3.36,45,0,10.618251680940388,10.987429305608844,-3.3599999999999905,-5%~-2%,2025-11
sh.600085,2025-11-12,2025-11-24,34.44,33.75,-2.0,12,0,10.40588664732158,10.987429305608844,-5.292799999999988,-5%~-2%,2025-11
sz.002371,2025-06-24,2025-11-24,322.914,389.85,20.73,153,1,12.563026949311345,12.563026949311345,0.0,>10%,2025-11
sh.600763,2025-11-11,2025-11-24,44.23,42.15,-4.7,13,0,11.972564682693712,12.563026949311345,-4.700000000000001,-5%~-2%,2025-11
sh.600588,2025-10-10,2025-11-24,16.05,14.09,-12.21,45,0,10.51071453493681,12.563026949311345,-16.336129999999997,<-10%,2025-11
sh.601012,2025-07-03,2025-11-24,15.56,19.02,22.24,144,1,12.848297447506756,12.848297447506756,0.0,>10%,2025-11
sz.002304,2025-10-17,2025-11-24,70.46,66.99,-4.92,38,0,12.216161213089423,12.848297447506756,-4.920000000000002,-5%~-2%,2025-11
sz.002460,2025-05-15,2025-11-25,31.859,59.02,85.26,194,1,22.631660263369465,22.631660263369465,0.0,>10%,2025-11
sh.600019,2025-10-13,2025-11-25,7.13,7.19,0.84,43,1,22.821766209581767,22.821766209581767,0.0,0%~2%,2025-11
sh.601288,2025-10-15,2025-11-27,6.865,7.676,11.81,43,1,25.517016798933376,25.517016798933376,0.0,>10%,2025-11
sh.600028,2025-10-23,2025-11-27,5.5,5.73,4.18,35,1,26.58362810112879,26.58362810112879,0.0,2%~5%,2025-11
sh.600585,2025-10-13,2025-11-28,23.6,22.59,-4.28,46,0,25.44584881840048,26.58362810112879,-4.279999999999992,-5%~-2%,2025-11
sz.000538,2025-07-25,2025-12-03,54.472,53.778,-1.27,131,0,25.122686538406793,26.58362810112879,-5.495644000000001,-2%~0%,2025-12
sh.600809,2025-11-11,2025-12-05,197.5,181.0,-8.35,24,0,23.024942212449826,26.58362810112879,-13.386757726,-10%~-5%,2025-12
sz.000568,2025-10-17,2025-12-05,135.055,126.282,-6.5,49,0,21.52832096864059,26.58362810112879,-19.01661847380999,-10%~-5%,2025-12
sh.600809,2025-11-11,2025-12-05,197.5,181.0,-8.35,24,0,19.7307061677591,26.58362810112879,-25.778730831246865,-10%~-5%,2025-12
sz.000568,2025-10-17,2025-12-05,135.055,126.282,-6.5,49,0,18.44821026685476,26.58362810112879,-30.603113327215816,-10%~-5%,2025-12
sz.002142,2025-10-24,2025-12-09,27.554,27.901,1.26,46,1,18.680657716217127,26.58362810112879,-29.728712555138735,0%~2%,2025-12
sh.600519,2025-10-17,2025-12-09,1458.267,1394.483,-4.37,53,0,17.86431297401844,26.58362810112879,-32.799567816479176,-5%~-2%,2025-12
sh.600519,2025-10-17,2025-12-09,1458.267,1394.483,-4.37,53,0,17.083642497053834,26.58362810112879,-35.73622670289903,-5%~-2%,2025-12
sz.300122,2025-11-05,2025-12-10,21.0,19.76,-5.9,35,0,16.075707589727656,26.58362810112879,-39.52778932742799,-10%~-5%,2025-12
sh.600036,2025-10-22,2025-12-11,40.923,40.806,-0.29,50,0,16.029088037717447,26.58362810112879,-39.70315873837845,-2%~0%,2025-12
sz.000001,2025-10-24,2025-12-11,11.6,11.35,-2.16,48,0,15.68285973610275,26.58362810112879,-41.00557050962947,-5%~-2%,2025-12
sh.600036,2025-10-22,2025-12-11,40.923,40.806,-0.29,50,0,15.637379442868053,26.58362810112879,-41.17665435515155,-2%~0%,2025-12
sh.600016,2025-10-24,2025-12-11,4.15,3.93,-5.3,48,0,14.808598332396045,26.58362810112879,-44.29429167432852,-10%~-5%,2025-12
sh.601166,2025-11-05,2025-12-11,20.646,19.781,-4.19,36,0,14.18811806226865,26.58362810112879,-46.62836085317416,-5%~-2%,2025-12
sh.600036,2025-10-22,2025-12-11,40.923,40.806,-0.29,50,0,14.14697251988807,26.58362810112879,-46.78313860669995,-2%~0%,2025-12
sh.601939,2025-10-17,2025-12-12,8.99,8.95,-0.45,56,0,14.083311143548574,26.58362810112879,-47.02261448296981,-2%~0%,2025-12
sz.000063,2025-11-28,2025-12-12,42.32,36.9,-12.81,14,0,12.279238986060001,26.58362810112879,-53.809017567701375,<-10%,2025-12
sh.601857,2025-10-21,2025-12-16,8.62,9.47,9.86,56,1,13.489971950085517,26.58362810112879,-49.25458669987673,5%~10%,2025-12
sh.600196,2025-12-11,2025-12-17,28.32,26.69,-5.76,6,0,12.71294956576059,26.58362810112879,-52.177522505963836,-10%~-5%,2025-12
sh.603160,2025-10-28,2025-12-17,85.335,76.041,-10.89,50,0,11.328509358049262,26.58362810112879,-57.38539030506438,<-10%,2025-12
sh.600330,2025-12-09,2025-12-17,10.28,10.35,0.68,8,1,11.405543221683995,26.58362810112879,-57.095610959138824,0%~2%,2025-12
sh.601888,2025-07-11,2025-12-19,61.725,76.5,23.94,161,1,14.136030268955144,26.58362810112879,-46.82430022275665,>10%,2025-12
sh.600900,2025-10-15,2025-12-23,27.758,27.282,-1.72,69,0,13.892890548329117,26.58362810112879,-47.73892225892523,-2%~0%,2025-12
sz.300760,2025-12-01,2026-01-05,201.933,188.531,-6.64,35,0,12.970402615920063,26.58362810112879,-51.20905782093259,-10%~-5%,2026-01
sh.600690,2025-11-03,2026-01-05,26.611,26.4,-0.79,63,0,12.867936435254295,26.58362810112879,-51.59450626414722,-2%~0%,2026-01
sh.600887,2025-11-11,2026-01-09,26.869,26.288,-2.16,59,0,12.589989008252802,26.58362810112879,-52.640064928841646,-5%~-2%,2026-01
sh.600030,2025-12-09,2026-01-09,28.226,28.246,0.07,31,1,12.598802000558578,26.58362810112879,-52.606912974291845,0%~2%,2026-01
sh.601398,2025-10-17,2026-01-09,7.326,7.515,2.59,84,1,12.925110972373046,26.58362810112879,-51.379432020326,2%~5%,2026-01
sh.601318,2025-10-16,2026-01-13,56.747,67.8,19.48,89,1,15.442922589791317,26.58362810112879,-41.90814537788549,>10%,2026-01
sz.000333,2025-11-03,2026-01-14,75.913,76.2,0.38,72,1,15.501605695632525,26.58362810112879,-41.687396330321455,0%~2%,2026-01
sh.600104,2025-12-15,2026-01-16,15.6,15.3,-1.92,32,0,15.203974866276381,26.58362810112879,-42.806998320779286,-2%~0%,2026-01
sh.601166,2025-12-30,2026-01-16,20.733,19.82,-4.4,17,0,14.53499997216022,26.58362810112879,-45.323490394664994,-5%~-2%,2026-01
sz.300122,2026-01-12,2026-01-19,19.67,18.77,-4.58,7,0,13.869296973435283,26.58362810112879,-47.827674534589335,-5%~-2%,2026-01
sh.600010,2026-01-07,2026-01-20,2.56,2.33,-8.98,13,0,12.623834105220794,26.58362810112879,-52.512749361383214,-10%~-5%,2026-01
sh.600588,2026-01-06,2026-01-20,13.6,15.8,16.18,14,1,14.666370463445519,26.58362810112879,-44.82931220805501,>10%,2026-01
sh.600330,2025-12-29,2026-01-21,13.76,11.21,-18.53,23,0,11.948692016569064,26.58362810112879,-55.05244065590242,<-10%,2026-01
sh.601012,2025-12-29,2026-01-21,19.03,17.31,-9.04,23,0,10.86853025827122,26.58362810112879,-59.115700020608855,-10%~-5%,2026-01
sh.600519,2026-01-06,2026-01-22,1432.55,1352.01,-5.62,16,0,10.257718857756377,26.58362810112879,-61.41339767945063,-10%~-5%,2026-01
sh.600519,2026-01-06,2026-01-22,1432.55,1352.01,-5.62,16,0,9.681235057950468,26.58362810112879,-63.58196472986549,-10%~-5%,2026-01
sh.600276,2026-01-06,2026-01-22,63.102,60.115,-4.73,16,0,9.22331263970941,26.58362810112879,-65.30453779814287,-5%~-2%,2026-01
sz.300760,2026-01-07,2026-01-23,201.805,192.777,-4.47,16,0,8.8110305647144,26.58362810112879,-66.85542495856588,-5%~-2%,2026-01
sh.601939,2025-12-30,2026-01-23,9.25,8.7,-5.95,24,0,8.286774246113893,26.58362810112879,-68.82752717353121,-10%~-5%,2026-01
sz.002304,2026-01-07,2026-01-27,62.75,55.98,-10.79,20,0,7.392631304958204,26.58362810112879,-72.19103699150719,<-10%,2026-01
sh.603178,2025-12-26,2026-01-28,18.97,17.76,-6.38,33,0,6.920981427701871,26.58362810112879,-73.96524883144903,-10%~-5%,2026-01
sz.000651,2025-11-13,2026-01-29,40.143,38.27,-4.66,77,0,6.598463693170964,26.58362810112879,-75.17846823590352,-5%~-2%,2026-01
sz.300015,2026-01-13,2026-01-29,11.58,11.03,-4.75,16,0,6.285036667745343,26.58362810112879,-76.3574909946981,-5%~-2%,2026-01
sz.000538,2025-12-26,2026-01-29,55.118,53.953,-2.11,34,0,6.152422394055916,26.58362810112879,-76.85634793470997,-5%~-2%,2026-01
sz.300059,2026-01-06,2026-01-29,23.562,22.548,-4.31,23,0,5.887252988872106,26.58362810112879,-77.85383933872396,-5%~-2%,2026-01
sh.600196,2026-01-09,2026-01-29,27.45,26.87,-2.11,20,0,5.763031950806905,26.58362810112879,-78.32112332867689,-5%~-2%,2026-01
sz.002410,2026-01-07,2026-02-02,12.619,13.511,7.07,26,1,6.170478309728953,26.58362810112879,-76.78842674801434,5%~10%,2026-02
sz.000063,2026-01-12,2026-02-03,40.32,37.48,-7.04,22,0,5.736076636724034,26.58362810112879,-78.42252150495415,-10%~-5%,2026-02
sh.600570,2026-01-06,2026-02-03,30.583,30.216,-1.2,28,0,5.667243717083346,26.58362810112879,-78.68145124689468,-2%~0%,2026-02
sh.603160,2026-01-13,2026-02-03,82.452,76.906,-6.73,21,0,5.285838214923636,26.58362810112879,-80.11618957797867,-10%~-5%,2026-02
sh.600547,2025-12-23,2026-02-03,38.93,45.5,16.88,42,1,6.178087705602747,26.58362810112879,-76.75980237874148,>10%,2026-02
sh.600031,2026-01-07,2026-02-03,21.88,21.45,-1.97,27,0,6.056379377802372,26.58362810112879,-77.21763427188026,-2%~0%,2026-02
sh.601899,2025-08-08,2026-02-03,20.204,37.84,87.29,179,1,11.342992936686063,26.58362810112879,-57.33090722780455,>10%,2026-02
sh.603259,2026-01-07,2026-02-03,94.771,91.936,-2.99,27,0,11.00383744787915,26.58362810112879,-58.606713101693195,-5%~-2%,2026-02
sz.002460,2025-12-29,2026-02-06,68.88,61.0,-11.44,39,0,9.744998443841775,26.58362810112879,-63.34210512285949,<-10%,2026-02
sz.002230,2026-01-06,2026-02-09,54.07,55.75,3.11,34,1,10.048067895445254,26.58362810112879,-62.20204459218043,2%~5%,2026-02
sz.000725,2025-12-04,2026-02-24,4.02,4.22,4.98,82,1,10.548461676638428,26.58362810112879,-60.319706412871014,2%~5%,2026-02
sz.000630,2025-12-02,2026-02-24,5.319,7.194,35.26,84,1,14.26784926382114,26.58362810112879,-46.32843489404932,>10%,2026-02
sh.601888,2025-12-23,2026-02-25,92.67,83.0,-10.43,64,0,12.779712585604594,26.58362810112879,-51.926379134599976,<-10%,2026-02
sz.300124,2025-12-09,2026-02-27,73.512,73.045,-0.64,80,0,12.697922425056726,26.58362810112879,-52.234050308138535,-2%~0%,2026-02
sz.000568,2026-01-30,2026-02-27,123.17,111.04,-9.85,28,0,11.447177066188639,26.58362810112879,-56.93899635278689,-10%~-5%,2026-02
sz.000568,2026-01-30,2026-02-27,123.17,111.04,-9.85,28,0,10.319630125169057,26.58362810112879,-61.180505212037374,-10%~-5%,2026-02
sh.600809,2026-01-30,2026-03-03,176.91,158.2,-10.58,32,0,9.22781325792617,26.58362810112879,-65.28760776060383,<-10%,2026-03
sh.600809,2026-01-30,2026-03-03,176.91,158.2,-10.58,32,0,8.251510615237581,26.58362810112879,-68.96017885953194,<-10%,2026-03
sz.002415,2026-01-07,2026-03-04,29.776,29.355,-1.41,56,0,8.135164315562731,26.58362810112879,-69.39784033761255,-2%~0%,2026-03
sh.603259,2026-02-12,2026-03-04,101.139,91.838,-9.2,20,0,7.38672919853096,26.58362810112879,-72.21323902655219,-10%~-5%,2026-03
sh.600031,2026-02-10,2026-03-04,23.68,22.0,-7.09,22,0,6.863010098355115,26.58362810112879,-74.18332037956964,-10%~-5%,2026-03
sz.300122,2026-01-27,2026-03-04,19.24,15.89,-17.41,36,0,5.66816004023149,26.58362810112879,-78.67800430148657,<-10%,2026-03
sz.002371,2025-12-02,2026-03-04,442.58,443.22,0.14,92,1,5.676095464287814,26.58362810112879,-78.64815350750864,0%~2%,2026-03
sh.603986,2025-12-24,2026-03-04,219.68,272.493,24.04,70,1,7.040628813902604,26.58362810112879,-73.51516961071373,>10%,2026-03
sh.601100,2025-07-01,2026-03-04,72.021,105.9,47.04,246,1,10.352540607962387,26.58362810112879,-61.05670539559347,>10%,2026-03
sz.300750,2026-02-09,2026-03-05,364.78,339.26,-7.0,24,0,9.62786276540502,26.58362810112879,-63.78273601790193,-10%~-5%,2026-03
sh.600519,2026-01-30,2026-03-05,1435.0,1406.0,-2.02,34,0,9.433379937543839,26.58362810112879,-64.51432475034031,-5%~-2%,2026-03
sh.600519,2026-01-30,2026-03-05,1435.0,1406.0,-2.02,34,0,9.242825662805453,26.58362810112879,-65.23113539038341,-5%~-2%,2026-03
sz.000333,2026-02-05,2026-03-05,79.83,76.6,-4.05,28,0,8.868491223461833,26.58362810112879,-66.63927440707289,-5%~-2%,2026-03
sh.601168,2025-05-15,2026-03-10,15.133,31.5,108.15,299,1,18.459764481635805,26.58362810112879,-30.55964967832224,,2026-03
sh.600028,2025-12-31,2026-03-11,6.16,6.5,5.52,70,1,19.4787434810221,26.58362810112879,-26.72654234056564,5%~10%,2026-03
sh.600763,2026-01-12,2026-03-13,41.75,44.9,7.54,60,1,20.947440739491164,26.58362810112879,-21.2017236330443,5%~10%,2026-03
sz.000338,2025-10-16,2026-03-17,14.375,25.0,73.91,152,1,36.429694190049084,36.429694190049084,0.0,>10%,2026-03
sh.600010,2026-01-30,2026-03-18,2.6,2.78,6.92,47,1,38.95062902800048,38.95062902800048,0.0,5%~10%,2026-03
sz.000725,2026-03-02,2026-03-18,4.44,4.23,-4.73,16,0,37.10826427497606,38.95062902800048,-4.729999999999992,-5%~-2%,2026-03
sz.002142,2025-12-19,2026-03-20,28.59,30.2,5.63,91,1,39.19745955365721,39.19745955365721,0.0,5%~10%,2026-03
sz.000002,2026-01-12,2026-03-20,4.89,4.51,-7.77,67,0,36.151816946338045,39.19745955365721,-7.770000000000003,-10%~-5%,2026-03
sh.600584,2026-01-06,2026-03-23,38.6,40.48,4.87,76,1,37.91241043162471,39.19745955365721,-3.278399000000004,2%~5%,2026-03
sh.600585,2026-01-09,2026-03-23,22.91,23.1,0.83,73,1,38.22708343820719,39.19745955365721,-2.4756097117000135,0%~2%,2026-03
sh.600703,2025-12-10,2026-03-24,13.84,14.0,1.16,104,1,38.67051760609039,39.19745955365721,-1.344326784355732,0%~2%,2026-03
sz.000651,2026-03-16,2026-03-24,38.5,37.15,-3.51,8,0,37.31318243811662,39.19745955365721,-4.807140914224846,-5%~-2%,2026-03
sz.000899,2026-01-13,2026-03-24,10.36,13.11,26.54,70,1,47.21610105719277,47.21610105719277,0.0,>10%,2026-03
sh.600406,2025-12-15,2026-03-24,23.3,27.42,17.68,99,1,55.56390772410446,55.56390772410446,0.0,>10%,2026-03
sz.000858,2026-01-30,2026-03-24,110.77,100.88,-8.93,53,0,50.60205076434193,55.56390772410446,-8.93,-10%~-5%,2026-03
sh.600016,2026-02-09,2026-03-24,3.87,3.74,-3.36,43,0,48.90182185866004,55.56390772410446,-11.989952,-5%~-2%,2026-03
sz.000858,2026-01-30,2026-03-24,110.77,100.88,-8.93,53,0,44.5348891666817,55.56390772410446,-19.8492492864,-10%~-5%,2026-03
sz.002415,2026-03-19,2026-03-24,31.183,29.697,-4.76,5,0,42.415028442347655,55.56390772410446,-23.664425020367354,-5%~-2%,2026-03
sh.600887,2026-03-17,2026-03-24,25.93,24.733,-4.62,7,0,40.455454128311196,55.56390772410446,-27.191128584426377,-5%~-2%,2026-03
sh.600519,2026-03-17,2026-03-27,1468.0,1400.0,-4.63,10,0,38.58236660217039,55.56390772410446,-30.56217933096744,-5%~-2%,2026-03
sh.600519,2026-03-17,2026-03-27,1468.0,1400.0,-4.63,10,0,36.7960030284899,55.56390772410446,-33.77715042794364,-5%~-2%,2026-03
sh.600310,2025-12-26,2026-04-03,3.878,4.941,27.44,98,1,46.89282625950753,55.56390772410446,-15.605600505371376,>10%,2026-04
sh.600104,2026-03-16,2026-04-21,14.62,13.91,-4.86,36,0,44.61383490329546,55.56390772410446,-19.707168320810332,-5%~-2%,2026-04
sh.601166,2026-03-18,2026-04-23,19.0,18.22,-4.11,36,0,42.78020628877002,55.56390772410446,-23.007203702825027,-5%~-2%,2026-04
sh.603178,2026-04-20,2026-04-27,18.23,16.81,-7.79,7,0,39.44762821887483,55.56390772410446,-29.004942534374955,-10%~-5%,2026-04
sh.603160,2026-04-15,2026-04-27,68.576,64.66,-5.71,12,0,37.19516864757708,55.56390772410446,-33.058760315662155,-10%~-5%,2026-04
sh.600196,2026-03-30,2026-04-29,26.09,25.46,-2.41,30,0,36.29876508317047,55.56390772410446,-34.67204419205469,-5%~-2%,2026-04
sh.601899,2026-04-15,2026-04-29,35.75,32.55,-8.95,14,0,33.05002560822671,55.56390772410446,-40.51889623686581,-10%~-5%,2026-04
sh.600036,2026-03-16,2026-04-30,39.77,38.4,-3.44,45,0,31.913104727303715,55.56390772410446,-42.56504620631761,-5%~-2%,2026-04
sh.600036,2026-03-16,2026-04-30,39.77,38.4,-3.44,45,0,30.815293924684468,55.56390772410446,-44.540808616820286,-5%~-2%,2026-04
sh.600036,2026-03-16,2026-04-30,39.77,38.4,-3.44,45,0,29.75524781367532,55.56390772410446,-46.44860480040167,-5%~-2%,2026-04
sh.601857,2025-12-30,2026-05-08,10.06,11.33,12.62,129,1,33.51036008776114,55.56390772410446,-39.690418726212364,>10%,2026-05
sh.600276,2026-04-02,2026-05-11,57.505,52.585,-8.56,39,0,30.64187326424879,55.56390772410446,-44.85291888324859,-10%~-5%,2026-05
sz.000538,2026-04-03,2026-05-13,54.992,52.05,-5.35,40,0,29.00253304461148,55.56390772410446,-47.80328772299479,-10%~-5%,2026-05
sz.002304,2026-04-03,2026-05-13,51.85,47.61,-8.18,40,0,26.63012584156226,55.56390772410446,-52.07297878725381,-10%~-5%,2026-05
sh.600763,2026-04-29,2026-05-15,43.15,39.68,-8.04,16,0,24.489063723900653,55.56390772410446,-55.92631129275861,-10%~-5%,2026-05
sz.000630,2026-04-20,2026-05-18,6.4,6.003,-6.2,28,0,22.970741773018812,55.56390772410446,-58.65887999260758,-10%~-5%,2026-05
sz.000001,2026-03-30,2026-05-18,10.98,10.96,-0.18,49,0,22.929394437827376,55.56390772410446,-58.73329400862089,-2%~0%,2026-05
sh.601288,2026-03-20,2026-05-19,6.67,6.61,-0.89,60,0,22.72532282733071,55.56390772410446,-59.10056769194417,-2%~0%,2026-05
sz.300760,2026-05-07,2026-05-19,171.436,154.42,-9.93,12,0,20.468698270576773,55.56390772410446,-63.16188132013411,-10%~-5%,2026-05
sh.600031,2026-04-09,2026-05-19,20.7,19.52,-5.7,40,0,19.301982469153895,55.56390772410446,-65.26165408488647,-10%~-5%,2026-05
sz.000002,2026-05-07,2026-05-19,4.0,3.68,-8.0,12,0,17.757823871621586,55.56390772410446,-68.04072175809553,-10%~-5%,2026-05
sh.600085,2026-05-13,2026-05-19,28.04,26.3,-6.21,6,0,16.655063009193885,55.56390772410446,-70.02539293691781,-10%~-5%,2026-05
sz.002460,2026-03-30,2026-05-20,81.0,74.69,-7.79,51,0,15.357633600777682,55.56390772410446,-72.36041482713192,-10%~-5%,2026-05
sz.300015,2026-04-24,2026-05-20,10.25,9.78,-4.59,26,0,14.652718218501985,55.56390772410446,-73.62907178656657,-5%~-2%,2026-05
sz.300122,2026-05-12,2026-05-22,16.2,14.49,-10.56,10,0,13.105391174628174,55.56390772410446,-76.41384180590514,<-10%,2026-05
sh.600010,2026-04-09,2026-05-22,2.8,2.52,-10.0,43,0,11.794852057165357,55.56390772410446,-78.77245762531462,<-10%,2026-05
sh.600690,2026-04-29,2026-05-22,21.38,20.45,-4.35,23,0,11.281775992678664,55.56390772410446,-79.69585571861343,-5%~-2%,2026-05
sz.002415,2026-04-14,2026-05-22,32.004,31.8,-0.64,38,0,11.20957262632552,55.56390772410446,-79.8258022420143,-2%~0%,2026-05
sh.600588,2026-04-21,2026-05-22,12.55,10.9,-13.15,31,0,9.735513825963716,55.56390772410446,-82.47870924718943,<-10%,2026-05
sz.000063,2026-04-10,2026-05-22,35.5,35.11,-1.1,42,0,9.628423173878115,55.56390772410446,-82.67144344547035,-2%~0%,2026-05
sh.600887,2026-04-30,2026-05-25,26.568,25.322,-4.69,25,0,9.176850127023231,55.56390772410446,-83.48415274787779,-5%~-2%,2026-05
sh.600030,2026-04-13,2026-05-25,25.62,26.05,1.68,42,1,9.331021209157221,55.56390772410446,-83.20668651404213,0%~2%,2026-05
sz.300059,2026-04-14,2026-05-25,20.09,19.72,-1.84,41,0,9.159330418908729,55.56390772410446,-83.51568348218376,-2%~0%,2026-05
sz.300750,2026-03-11,2026-05-26,373.72,406.19,8.69,76,1,9.955276232311897,55.56390772410446,-82.08319637678552,5%~10%,2026-05
sz.002142,2026-04-21,2026-05-28,32.4,30.6,-5.56,37,0,9.401762873795356,55.56390772410446,-83.07937065823626,-10%~-5%,2026-05
sh.600570,2026-05-07,2026-05-28,27.431,25.132,-8.38,21,0,8.613895144971305,55.56390772410446,-84.49731939707605,-10%~-5%,2026-05
sz.000651,2026-04-29,2026-05-29,39.99,38.0,-4.98,30,0,8.184923166751735,55.56390772410446,-85.26935289110166,-5%~-2%,2026-05
sh.601398,2026-03-16,2026-05-29,7.036,7.03,-0.09,74,0,8.177556735901659,55.56390772410446,-85.28261047349966,-2%~0%,2026-05
sh.600406,2026-05-14,2026-05-29,28.41,25.11,-11.62,15,0,7.2273246431898865,55.56390772410446,-86.992771136479,<-10%,2026-05
sh.603259,2026-03-30,2026-05-29,94.397,100.8,6.78,60,1,7.717337253998162,55.56390772410446,-86.11088101953229,5%~10%,2026-05
sh.603178,2026-05-18,2026-06-01,21.2,17.5,-17.45,14,0,6.370661903175483,55.56390772410446,-88.5345322816239,<-10%,2026-06
sz.002230,2026-04-23,2026-06-05,49.73,45.83,-7.84,43,0,5.871202009966525,55.56390772410446,-89.4334249507446,-10%~-5%,2026-06
sz.000338,2026-04-13,2026-06-09,26.3,30.49,15.93,57,1,6.806484490154192,55.56390772410446,-87.75016954539821,>10%,2026-06
sh.601100,2026-04-17,2026-06-09,106.75,122.5,14.75,53,1,7.810440952451935,55.56390772410446,-85.94331955334444,>10%,2026-06
sh.600900,2026-03-04,2026-06-09,26.8,27.63,3.1,97,1,8.052564621977945,55.56390772410446,-85.5075624594981,2%~5%,2026-06
sz.000725,2026-04-21,2026-06-09,4.19,6.52,55.61,49,1,12.53059580825988,55.56390772410446,-77.44831794322499,>10%,2026-06
sh.600584,2026-04-13,2026-06-09,42.5,75.29,77.15,57,1,22.19795047433238,55.56390772410446,-60.0496952364231,>10%,2026-06
sh.601398,2026-06-09,2026-06-09,7.46,7.54,1.07,0,1,22.435468544407733,55.56390772410446,-59.62222697545283,0%~2%,2026-06
sh.601939,2026-03-09,2026-06-09,8.96,10.36,15.62,92,1,25.939888731044224,55.56390772410446,-53.31521882901855,>10%,2026-06
sz.002371,2026-04-28,2026-06-09,511.54,617.1,20.64,42,1,31.29388176513175,55.56390772410446,-43.67947999532799,>10%,2026-06
sz.300124,2026-05-07,2026-06-09,71.426,74.6,4.44,33,1,32.6833301155036,55.56390772410446,-41.178848907120546,2%~5%,2026-06
sz.000899,2026-05-20,2026-06-09,14.3,13.32,-6.85,20,0,30.444522002591604,55.56390772410446,-45.20809775698279,-10%~-5%,2026-06
sh.601168,2026-04-17,2026-06-09,28.57,29.5,3.26,53,1,31.437013419876088,55.56390772410446,-43.42188174386044,2%~5%,2026-06
sz.000630,2026-05-26,2026-06-09,6.648,6.25,-5.99,14,0,29.553936316025514,55.56390772410446,-46.81091102740319,-10%~-5%,2026-06
sz.001896,2026-01-13,2026-06-09,6.24,21.56,245.51,147,1,102.11180536549975,102.11180536549975,0.0,,2026-06
sh.600310,2026-04-24,2026-06-09,5.26,5.08,-3.42,46,0,98.61958162199966,102.11180536549975,-3.4199999999999995,-5%~-2%,2026-06
sh.603986,2026-04-22,2026-06-09,303.058,500.5,65.15,48,1,162.87023904873243,162.87023904873243,0.0,>10%,2026-06
sh.601166,2026-05-28,2026-06-09,18.09,18.45,1.99,12,1,166.11135680580222,166.11135680580222,0.0,0%~2%,2026-06
sz.000001,2026-06-03,2026-06-09,11.03,11.13,0.91,6,1,167.62297015273504,167.62297015273504,0.0,0%~2%,2026-06
sh.600703,2026-04-23,2026-06-09,15.9,17.3,8.81,47,1,182.390553823191,182.390553823191,0.0,5%~10%,2026-06
sh.600036,2026-06-01,2026-06-09,38.0,38.49,1.29,8,1,184.74339196751015,184.74339196751015,0.0,0%~2%,2026-06
sz.000333,2026-04-03,2026-06-09,77.3,82.36,6.55,67,1,196.8440841413821,196.8440841413821,0.0,5%~10%,2026-06
sh.600330,2026-02-04,2026-06-09,15.7,29.46,87.64,125,1,369.35823948288936,369.35823948288936,0.0,>10%,2026-06
sh.600036,2026-06-01,2026-06-09,38.0,38.49,1.29,8,1,374.1229607722186,374.1229607722186,0.0,0%~2%,2026-06
sh.600036,2026-06-01,2026-06-09,38.0,38.49,1.29,8,1,378.9491469661802,378.9491469661802,0.0,0%~2%,2026-06
